brand,Price,Rating,processor_brand,processor_tier,num_cores,num_threads,ram_memory,primary_storage_type,primary_storage_capacity,secondary_storage_type,secondary_storage_capacity,gpu_brand,gpu_type,is_touch_screen,display_size,resolution_width,resolution_height,OS,year_of_warranty,total_storage_capacity,total_pixels,ppi
tecno,23990,63,intel,core i3,2,4,8,SSD,512,No secondary storage,0,intel,integrated,False,15.6,1920,1080,windows,1.0,512,2073600,141.21199808219862
tecno,35990,67,intel,core i7,4,8,16,SSD,1024,No secondary storage,0,intel,integrated,False,15.6,1920,1080,windows,1.0,1024,2073600,141.21199808219862
hp,51100,73,amd,ryzen 5,6,12,8,SSD,512,No secondary storage,0,amd,dedicated,False,15.6,1920,1080,windows,1.0,512,2073600,141.21199808219862
acer,39990,62,intel,core i5,12,16,8,SSD,512,No secondary storage,0,intel,integrated,False,14.0,1920,1080,windows,1.0,512,2073600,157.3505121487356
lenovo,28580,62,amd,ryzen 3,4,8,8,SSD,512,No secondary storage,0,amd,integrated,False,15.6,1920,1080,windows,1.0,512,2073600,141.21199808219862
apple,70990,45,apple,m1,8,8,8,SSD,256,No secondary storage,0,apple,apple,False,13.3,2560,1600,mac,1.0,256,4096000,226.98300468106115
infinix,34990,56,intel,core i5,4,8,16,SSD,512,No secondary storage,0,intel,integrated,False,15.6,1920,1080,windows,1.0,512,2073600,141.21199808219862
asus,49990,70,intel,core i5,6,12,8,SSD,512,No secondary storage,0,nvidia,dedicated,False,15.6,1920,1080,windows,1.0,512,2073600,141.21199808219862
hp,36990,60,intel,core i3,6,8,8,SSD,512,No secondary storage,0,intel,integrated,False,15.6,1920,1080,windows,1.0,512,2073600,141.21199808219862
infinix,59990,71,intel,core i9,14,20,32,SSD,1024,No secondary storage,0,intel,integrated,False,15.6,1920,1080,windows,1.0,1024,2073600,141.21199808219862
dell,34990,60,intel,core i3,6,8,8,SSD,512,No secondary storage,0,intel,integrated,False,15.6,1920,1080,windows,1.0,512,2073600,141.21199808219862
samsung,64990,68,intel,core i5,12,16,16,SSD,512,No secondary storage,0,intel,integrated,False,13.3,1080,1920,windows,1.0,512,2073600,165.6321180513006
msi,52990,71,intel,core i5,8,12,16,SSD,512,No secondary storage,0,nvidia,dedicated,False,15.6,1920,1080,windows,2.0,512,2073600,141.21199808219862
asus,57390,71,amd,ryzen 7,8,16,16,SSD,512,No secondary storage,0,amd,integrated,False,16.0,1920,1200,windows,1.0,512,2304000,141.50971698084905
lenovo,47490,66,intel,core i5,4,8,16,SSD,512,No secondary storage,0,intel,integrated,False,15.6,1920,1080,windows,1.0,512,2073600,141.21199808219862
hp,153990,85,intel,core i7,20,28,16,SSD,1024,No secondary storage,0,nvidia,dedicated,False,16.1,2560,1440,windows,1.0,1024,3686400,182.43537640433112
lenovo,49990,59,intel,core i7,10,12,16,SSD,512,No secondary storage,0,intel,integrated,False,15.6,1920,1080,windows,1.0,512,2073600,141.21199808219862
asus,75990,76,intel,core i7,8,16,16,SSD,1024,No secondary storage,0,nvidia,dedicated,False,15.6,1920,1080,windows,1.0,1024,2073600,141.21199808219862
hp,55490,71,amd,ryzen 5,6,12,16,SSD,512,No secondary storage,0,nvidia,dedicated,False,15.6,1920,1080,windows,1.0,512,2073600,141.21199808219862
wings,27990,56,intel,core i5,4,8,8,SSD,512,No secondary storage,0,intel,integrated,False,15.6,1080,1920,windows,1.0,512,2073600,141.21199808219862
hp,19299,49,amd,other,2,2,4,SSD,256,No secondary storage,0,amd,integrated,False,15.6,1366,768,dos,1.0,256,1049088,100.45466986113651
lenovo,27990,59,amd,ryzen 3,4,8,8,SSD,512,No secondary storage,0,amd,integrated,False,15.6,1920,1080,windows,1.0,512,2073600,141.21199808219862
apple,399900,65,apple,m3,16,16,8,SSD,1024,No secondary storage,0,apple,apple,False,16.2,3456,2234,mac,1.0,1024,7720704,254.0233485458816
asus,39990,57,intel,core i3,10,12,8,SSD,512,No secondary storage,0,intel,integrated,False,15.6,1920,1080,windows,1.0,512,2073600,141.21199808219862
asus,27990,57,intel,core i3,2,4,8,SSD,256,No secondary storage,0,intel,integrated,False,15.6,1920,1080,windows,1.0,256,2073600,141.21199808219862
acer,77990,63,intel,core i5,8,12,16,SSD,512,No secondary storage,0,nvidia,dedicated,False,15.6,1920,1080,windows,1.0,512,2073600,141.21199808219862
hp,78990,77,amd,ryzen 7,8,16,16,SSD,1024,No secondary storage,0,nvidia,dedicated,False,16.1,1920,1080,windows,1.0,1024,2073600,136.82653230324834
ultimus,19990,54,intel,core i5,4,8,8,SSD,512,No secondary storage,0,intel,integrated,False,14.1,1920,1080,windows,1.0,512,2073600,156.23455106966654
hp,71999,66,intel,core i5,12,16,16,SSD,512,No secondary storage,0,intel,integrated,False,15.6,1920,1080,windows,1.0,512,2073600,141.21199808219862
msi,66780,76,intel,core i7,8,16,16,HDD,1024,SSD,256,nvidia,dedicated,False,15.6,1920,1080,windows,,1280,2073600,141.21199808219862
samsung,44990,59,intel,core i5,10,12,8,SSD,512,No secondary storage,0,intel,integrated,False,15.6,1920,1080,windows,1.0,512,2073600,141.21199808219862
samsung,47990,62,intel,core i5,10,12,16,SSD,512,No secondary storage,0,intel,integrated,False,15.6,1920,1080,windows,1.0,512,2073600,141.21199808219862
lenovo,47990,71,intel,core i5,4,8,8,SSD,512,No secondary storage,0,nvidia,dedicated,False,15.6,1920,1080,windows,1.0,512,2073600,141.21199808219862
asus,46990,65,amd,ryzen 5,6,12,8,SSD,512,No secondary storage,0,amd,integrated,False,16.0,1920,1200,windows,1.0,512,2304000,141.50971698084905
apple,102990,48,apple,m2,8,8,8,SSD,256,No secondary storage,0,apple,apple,False,13.6,2560,1664,mac,1.0,256,4259840,224.5056083176765
dell,68239,66,intel,core i5,12,16,16,SSD,512,No secondary storage,0,nvidia,dedicated,False,15.6,1920,1080,windows,1.0,512,2073600,141.21199808219862
acer,46990,64,intel,core i5,10,12,16,SSD,1024,No secondary storage,0,intel,integrated,False,15.6,1920,1080,windows,1.0,1024,2073600,141.21199808219862
acer,34990,60,intel,core i3,6,8,16,SSD,512,No secondary storage,0,intel,integrated,False,15.6,1920,1080,windows,1.0,512,2073600,141.21199808219862
hp,53990,62,intel,core i5,10,12,16,SSD,512,No secondary storage,0,intel,integrated,False,15.6,1920,1080,windows,1.0,512,2073600,141.21199808219862
asus,63990,72,intel,core i5,8,12,16,SSD,512,No secondary storage,0,nvidia,dedicated,False,16.0,1920,1200,windows,1.0,512,2304000,141.50971698084905
asus,113571,77,amd,ryzen 9,8,16,16,SSD,512,No secondary storage,0,nvidia,dedicated,True,13.4,1920,1200,windows,1.0,512,2304000,168.96682624578992
hp,88800,71,intel,core i5,12,16,16,SSD,512,No secondary storage,0,nvidia,dedicated,False,15.6,1920,1080,windows,1.0,512,2073600,141.21199808219862
hp,53570,71,amd,ryzen 5,6,12,16,SSD,512,No secondary storage,0,amd,dedicated,False,15.6,1920,1080,windows,1.0,512,2073600,141.21199808219862
hp,116990,80,amd,ryzen 7,8,16,16,SSD,1024,No secondary storage,0,nvidia,dedicated,False,16.0,1920,1080,windows,1.0,1024,2073600,137.68169813014364
hp,70810,71,intel,core i5,8,12,16,SSD,512,No secondary storage,0,nvidia,dedicated,False,15.6,1920,1080,windows,1.0,512,2073600,141.21199808219862
dell,81290,71,intel,core i5,10,16,16,SSD,512,No secondary storage,0,nvidia,dedicated,False,15.6,1920,1080,windows,1.0,512,2073600,141.21199808219862
msi,35950,58,intel,core i5,4,8,8,SSD,512,No secondary storage,0,intel,integrated,False,14.0,1920,1080,windows,1.0,512,2073600,157.3505121487356
asus,269990,83,intel,core i9,24,32,32,SSD,1024,No secondary storage,0,nvidia,dedicated,False,16.0,2560,1600,windows,1.0,1024,4096000,188.67962264113208
msi,69990,70,intel,core i5,8,12,16,SSD,512,No secondary storage,0,nvidia,dedicated,False,15.6,1920,1080,windows,2.0,512,2073600,141.21199808219862
dell,39649,66,amd,ryzen 5,6,12,8,SSD,512,No secondary storage,0,amd,integrated,False,14.0,1920,1080,windows,1.0,512,2073600,157.3505121487356
infinix,29990,54,intel,core i5,4,8,8,SSD,512,No secondary storage,0,intel,integrated,False,15.6,1920,1080,windows,1.0,512,2073600,141.21199808219862
acer,32990,58,intel,core i3,6,8,8,SSD,512,No secondary storage,0,intel,integrated,False,15.6,1920,1080,windows,1.0,512,2073600,141.21199808219862
hp,83590,76,amd,ryzen 7,8,16,16,SSD,512,No secondary storage,0,nvidia,dedicated,False,16.1,1920,1080,windows,1.0,512,2073600,136.82653230324834
hp,54490,70,amd,ryzen 5,6,12,8,SSD,512,No secondary storage,0,nvidia,dedicated,False,15.6,1920,1080,windows,1.0,512,2073600,141.21199808219862
hp,42499,63,amd,ryzen 5,6,12,16,SSD,512,No secondary storage,0,amd,integrated,False,15.6,1920,1080,windows,1.0,512,2073600,141.21199808219862
infinix,27990,50,intel,core i3,6,8,8,SSD,512,No secondary storage,0,intel,integrated,False,14.0,1920,1080,windows,1.0,512,2073600,157.3505121487356
hp,147990,80,intel,core i7,16,24,16,SSD,1024,No secondary storage,0,nvidia,dedicated,False,16.1,2560,1600,windows,1.0,1024,4096000,187.50769951913745
asus,74085,75,intel,core i5,12,16,16,SSD,512,No secondary storage,0,nvidia,dedicated,False,17.3,1920,1080,windows,1.0,512,2073600,127.33567457123111
dell,86490,66,intel,core i7,12,16,16,SSD,1024,No secondary storage,0,intel,integrated,False,14.0,1920,1200,windows,1.0,1024,2304000,161.72539083525606
asus,60990,67,intel,core i7,10,16,16,SSD,512,No secondary storage,0,intel,integrated,False,15.6,1920,1080,windows,1.0,512,2073600,141.21199808219862
lenovo,56990,69,amd,ryzen 5,6,12,16,SSD,512,No secondary storage,0,nvidia,dedicated,False,15.6,1920,1080,windows,1.0,512,2073600,141.21199808219862
dell,72490,70,intel,core i5,12,16,16,SSD,512,No secondary storage,0,intel,integrated,False,16.0,2560,1600,windows,1.0,512,4096000,188.67962264113208
asus,35990,64,intel,core i3,2,4,16,SSD,512,No secondary storage,0,intel,integrated,False,14.0,1920,1080,windows,1.0,512,2073600,157.3505121487356
asus,108990,78,intel,core i7,14,20,16,SSD,512,No secondary storage,0,nvidia,dedicated,False,15.6,1920,1080,windows,1.0,512,2073600,141.21199808219862
asus,57990,72,intel,core i5,6,12,16,SSD,512,No secondary storage,0,nvidia,dedicated,False,15.6,1920,1080,windows,1.0,512,2073600,141.21199808219862
hp,69999,72,intel,core i5,8,12,16,SSD,512,No secondary storage,0,nvidia,dedicated,False,15.6,1920,1080,windows,1.0,512,2073600,141.21199808219862
hp,71990,65,intel,core i5,8,12,16,SSD,512,No secondary storage,0,nvidia,dedicated,False,15.6,1920,1080,windows,1.0,512,2073600,141.21199808219862
apple,119990,53,apple,m2,8,8,8,SSD,256,No secondary storage,0,apple,apple,False,15.3,2880,1864,mac,1.0,256,5368320,224.22107567544035
infinix,26990,53,intel,celeron,4,4,8,SSD,512,No secondary storage,0,intel,integrated,False,15.6,1920,1080,windows,1.0,512,2073600,141.21199808219862
hp,77899,70,intel,core i5,10,12,16,SSD,1024,No secondary storage,0,intel,integrated,True,14.0,1920,1080,windows,1.0,1024,2073600,157.3505121487356
primebook,14990,26,other,other,8,0,4,HDD,64,No secondary storage,0,arm,integrated,False,11.6,1366,768,android,1.0,64,1049088,135.0942111925629
dell,50000,60,intel,core i5,10,12,8,SSD,512,No secondary storage,0,intel,integrated,False,15.6,1920,1080,windows,1.0,512,2073600,141.21199808219862
acer,56990,71,intel,core i5,12,16,16,SSD,512,No secondary storage,0,nvidia,dedicated,False,15.6,1920,1080,windows,1.0,512,2073600,141.21199808219862
hp,57990,70,intel,core i5,8,12,8,SSD,512,No secondary storage,0,nvidia,dedicated,False,15.6,1920,1080,windows,1.0,512,2073600,141.21199808219862
hp,49999,70,amd,ryzen 5,6,12,8,SSD,512,No secondary storage,0,nvidia,dedicated,False,16.1,1920,1080,windows,1.0,512,2073600,136.82653230324834
asus,72490,62,intel,core i5,12,16,16,SSD,512,No secondary storage,0,intel,integrated,False,14.0,2880,1800,windows,1.0,512,5184000,242.5880862528841
asus,69689,64,intel,core i5,12,16,16,SSD,512,No secondary storage,0,intel,integrated,False,15.6,1920,1080,windows,1.0,512,2073600,141.21199808219862
iball,9800,41,intel,other,4,0,2,HDD,32,No secondary storage,0,intel,integrated,False,11.6,1366,768,windows,1.0,32,1049088,135.0942111925629
ultimus,15990,46,intel,celeron,2,2,8,SSD,256,No secondary storage,0,intel,integrated,False,14.1,1366,768,windows,1.0,256,1049088,111.1413368676404
dell,83990,72,intel,core i5,10,16,16,SSD,1024,No secondary storage,0,nvidia,dedicated,False,15.6,1920,1080,windows,1.0,1024,2073600,141.21199808219862
asus,46990,57,intel,core i5,4,8,16,SSD,512,No secondary storage,0,intel,integrated,False,14.0,1920,1080,windows,1.0,512,2073600,157.3505121487356
hp,60990,54,intel,core i5,12,16,12,SSD,512,No secondary storage,0,intel,integrated,False,15.6,1920,1080,windows,1.0,512,2073600,141.21199808219862
lenovo,44990,51,intel,core i3,5,6,8,SSD,512,No secondary storage,0,intel,integrated,False,15.6,1920,1080,windows,1.0,512,2073600,141.21199808219862
lenovo,34990,66,amd,ryzen 3,4,8,8,SSD,512,No secondary storage,0,amd,integrated,False,15.6,1920,1080,windows,1.0,512,2073600,141.21199808219862
hp,66990,72,intel,core i5,8,12,16,SSD,1024,No secondary storage,0,nvidia,dedicated,False,15.6,1920,1080,windows,1.0,1024,2073600,141.21199808219862
lenovo,24440,47,amd,other,2,2,8,SSD,512,No secondary storage,0,amd,integrated,False,15.6,1920,1080,windows,1.0,512,2073600,141.21199808219862
hp,51990,70,amd,ryzen 5,6,12,8,SSD,512,No secondary storage,0,nvidia,dedicated,False,15.6,1920,1080,windows,1.0,512,2073600,141.21199808219862
msi,54990,65,intel,core i5,6,12,16,SSD,512,No secondary storage,0,nvidia,dedicated,False,15.6,1920,1080,windows,2.0,512,2073600,141.21199808219862
ultimus,11990,41,intel,celeron,2,2,4,SSD,128,No secondary storage,0,intel,integrated,False,14.1,1366,768,windows,1.0,128,1049088,111.1413368676404
lenovo,48990,70,amd,ryzen 7,8,16,8,SSD,512,No secondary storage,0,amd,integrated,False,15.6,1920,1080,windows,1.0,512,2073600,141.21199808219862
msi,74990,75,intel,core i5,12,16,32,SSD,1024,No secondary storage,0,nvidia,dedicated,False,15.6,1920,1080,windows,2.0,1024,2073600,141.21199808219862
msi,49990,65,amd,ryzen 5,6,12,8,SSD,512,No secondary storage,0,amd,dedicated,False,15.6,1920,1080,windows,1.0,512,2073600,141.21199808219862
asus,53990,63,intel,core i5,12,16,16,SSD,512,No secondary storage,0,intel,integrated,False,15.6,1920,1080,windows,1.0,512,2073600,141.21199808219862
asus,81689,71,intel,core i9,14,20,16,SSD,512,No secondary storage,0,intel,integrated,False,16.0,1920,1200,windows,1.0,512,2304000,141.50971698084905
lenovo,63889,63,amd,ryzen 5,6,12,16,SSD,512,No secondary storage,0,nvidia,dedicated,False,15.6,1920,1080,windows,1.0,512,2073600,141.21199808219862
lenovo,37040,59,intel,core i3,6,8,8,SSD,512,No secondary storage,0,intel,integrated,False,15.6,1920,1080,windows,1.0,512,2073600,141.21199808219862
asus,94990,70,intel,core i5,10,16,16,SSD,512,No secondary storage,0,nvidia,dedicated,False,16.0,1920,1200,windows,1.0,512,2304000,141.50971698084905
infinix,35990,60,intel,core i5,4,8,16,SSD,1024,No secondary storage,0,intel,integrated,False,14.0,1920,1080,windows,1.0,1024,2073600,157.3505121487356
asus,72990,70,amd,ryzen 7,8,16,16,SSD,512,No secondary storage,0,nvidia,dedicated,False,15.6,1920,1080,windows,1.0,512,2073600,141.21199808219862
hp,55990,67,amd,ryzen 5,6,12,8,SSD,512,No secondary storage,0,nvidia,dedicated,False,15.6,1920,1080,windows,1.0,512,2073600,141.21199808219862
lenovo,94990,80,amd,ryzen 7,8,16,16,SSD,1024,No secondary storage,0,amd,integrated,True,14.0,2880,1800,windows,1.0,1024,5184000,242.5880862528841
hp,51800,57,intel,core i5,10,12,8,SSD,512,No secondary storage,0,intel,integrated,False,15.6,1920,1080,windows,1.0,512,2073600,141.21199808219862
hp,49775,62,amd,ryzen 5,6,12,8,SSD,512,No secondary storage,0,amd,dedicated,False,15.6,1920,1080,windows,1.0,512,2073600,141.21199808219862
asus,53990,66,intel,core i5,6,12,8,SSD,512,No secondary storage,0,nvidia,dedicated,False,15.6,1920,1080,windows,1.0,512,2073600,141.21199808219862
lenovo,79990,70,intel,core i5,8,12,16,SSD,512,No secondary storage,0,nvidia,dedicated,False,15.6,1920,1080,windows,1.0,512,2073600,141.21199808219862
msi,41990,63,intel,core i5,4,8,16,SSD,512,No secondary storage,0,intel,integrated,False,15.6,1920,1080,windows,1.0,512,2073600,141.21199808219862
acer,37990,60,amd,ryzen 5,6,12,16,SSD,512,No secondary storage,0,amd,integrated,False,15.6,1920,1080,windows,1.0,512,2073600,141.21199808219862
asus,85990,75,intel,core i7,10,16,16,SSD,1024,No secondary storage,0,nvidia,dedicated,False,14.0,2880,1800,windows,1.0,1024,5184000,242.5880862528841
acer,39499,62,intel,core i5,4,8,8,SSD,512,No secondary storage,0,intel,integrated,False,15.6,1920,1080,windows,1.0,512,2073600,141.21199808219862
infinix,57990,63,intel,core i7,14,20,32,SSD,1024,No secondary storage,0,intel,integrated,False,15.6,1920,1080,windows,1.0,1024,2073600,141.21199808219862
asus,67990,72,intel,core i5,8,12,16,SSD,512,No secondary storage,0,nvidia,dedicated,False,14.0,2880,1800,windows,1.0,512,5184000,242.5880862528841
acer,94990,72,intel,core i7,10,16,16,SSD,512,No secondary storage,0,nvidia,dedicated,False,15.6,1920,1080,windows,1.0,512,2073600,141.21199808219862
asus,75250,72,intel,core i5,12,16,8,SSD,512,No secondary storage,0,nvidia,dedicated,False,15.6,1920,1080,windows,1.0,512,2073600,141.21199808219862
acer,47990,67,intel,core i5,8,12,8,SSD,512,No secondary storage,0,nvidia,dedicated,False,15.6,1920,1080,windows,1.0,512,2073600,141.21199808219862
asus,66990,64,amd,ryzen 5,6,12,16,SSD,512,No secondary storage,0,amd,integrated,False,14.0,2880,1800,windows,1.0,512,5184000,242.5880862528841
hp,43700,62,amd,ryzen 5,6,12,8,SSD,512,No secondary storage,0,amd,integrated,False,15.6,1920,1080,windows,1.0,512,2073600,141.21199808219862
asus,154990,88,intel,core i9,14,20,16,SSD,1024,No secondary storage,0,nvidia,dedicated,False,16.0,3200,2000,windows,1.0,1024,6400000,235.8495283014151
acer,119990,75,intel,core i7,16,24,16,SSD,512,No secondary storage,0,nvidia,dedicated,False,16.0,1920,1200,windows,1.0,512,2304000,141.50971698084905
acer,104990,70,intel,core i5,14,20,16,SSD,512,No secondary storage,0,nvidia,dedicated,False,16.0,1920,1200,windows,1.0,512,2304000,141.50971698084905
hp,34890,58,intel,core i3,2,4,8,HDD,1024,SSD,256,intel,integrated,False,15.6,1366,768,windows,,1280,1049088,100.45466986113651
hp,32490,54,amd,ryzen 3,4,8,8,SSD,512,No secondary storage,0,amd,integrated,False,15.6,1920,1080,windows,1.0,512,2073600,141.21199808219862
hp,43400,52,amd,ryzen 5,4,8,8,SSD,512,No secondary storage,0,amd,integrated,False,15.6,1920,1080,windows,1.0,512,2073600,141.21199808219862
lenovo,40990,66,intel,core i5,10,12,8,SSD,512,No secondary storage,0,intel,integrated,False,15.6,1920,1080,windows,1.0,512,2073600,141.21199808219862
acer,30990,49,intel,core i3,8,8,8,SSD,512,No secondary storage,0,intel,integrated,False,15.6,1920,1080,windows,1.0,512,2073600,141.21199808219862
lenovo,40990,64,amd,ryzen 5,6,12,16,SSD,512,No secondary storage,0,amd,integrated,False,15.6,1920,1080,windows,1.0,512,2073600,141.21199808219862
hp,31090,60,intel,core i3,2,4,8,SSD,512,No secondary storage,0,intel,integrated,False,15.6,1920,1080,windows,1.0,512,2073600,141.21199808219862
dell,68990,74,intel,core i5,12,16,8,SSD,512,No secondary storage,0,nvidia,dedicated,False,15.6,1920,1080,windows,1.0,512,2073600,141.21199808219862
asus,96389,79,amd,ryzen 9,8,16,16,SSD,1024,No secondary storage,0,nvidia,dedicated,True,13.4,1920,1200,windows,1.0,1024,2304000,168.96682624578992
asus,43990,60,intel,core i5,4,8,8,SSD,512,No secondary storage,0,intel,integrated,False,15.6,1920,1080,windows,1.0,512,2073600,141.21199808219862
lenovo,45651,67,intel,core i5,4,8,8,SSD,512,No secondary storage,0,nvidia,dedicated,False,15.6,1920,1080,windows,1.0,512,2073600,141.21199808219862
asus,52990,65,amd,ryzen 5,6,12,16,SSD,512,No secondary storage,0,amd,integrated,False,16.0,1920,1200,windows,1.0,512,2304000,141.50971698084905
acer,38990,64,intel,core i5,4,8,16,SSD,512,No secondary storage,0,intel,integrated,False,14.0,1920,1080,windows,1.0,512,2073600,157.3505121487356
asus,33490,56,intel,core i3,2,4,8,SSD,512,No secondary storage,0,intel,integrated,True,15.6,1920,1080,windows,1.0,512,2073600,141.21199808219862
apple,109990,43,apple,m2,8,8,8,SSD,256,No secondary storage,0,apple,apple,False,13.3,2560,1600,mac,1.0,256,4096000,226.98300468106115
asus,72990,70,intel,core i7,14,20,16,SSD,512,No secondary storage,0,intel,integrated,False,15.6,1920,1080,windows,1.0,512,2073600,141.21199808219862
hp,40499,60,amd,ryzen 5,6,12,8,SSD,512,No secondary storage,0,amd,integrated,False,15.6,1920,1080,windows,1.0,512,2073600,141.21199808219862
hp,202340,82,intel,core ultra 7,16,22,32,SSD,2048,No secondary storage,0,intel,dedicated,True,16.0,2880,1800,windows,1.0,2048,5184000,212.2645754712736
lenovo,35990,60,amd,ryzen 5,4,8,8,SSD,512,No secondary storage,0,amd,integrated,False,15.6,1920,1080,windows,1.0,512,2073600,141.21199808219862
lenovo,44990,64,intel,core i5,4,8,8,SSD,512,No secondary storage,0,intel,integrated,False,15.6,1920,1080,windows,1.0,512,2073600,141.21199808219862
dell,148490,78,intel,core i9,24,32,16,SSD,1024,No secondary storage,0,nvidia,dedicated,False,15.6,1920,1080,windows,1.0,1024,2073600,141.21199808219862
hp,165900,76,intel,core ultra 7,16,22,32,SSD,1024,No secondary storage,0,intel,dedicated,True,14.0,2880,1800,windows,1.0,1024,5184000,242.5880862528841
apple,289900,63,apple,m3,12,12,36,SSD,512,No secondary storage,0,apple,apple,False,16.2,3456,2234,mac,1.0,512,7720704,254.0233485458816
apple,349900,64,apple,m3,14,14,36,SSD,1024,No secondary storage,0,apple,apple,False,16.2,3456,2234,mac,1.0,1024,7720704,254.0233485458816
apple,249900,58,apple,m3,12,12,8,SSD,512,No secondary storage,0,apple,apple,False,16.2,3456,2234,mac,1.0,512,7720704,254.0233485458816
apple,199900,56,apple,m3,11,11,8,SSD,512,No secondary storage,0,apple,apple,False,14.2,3024,1964,mac,1.0,512,5939136,253.93034266273992
lenovo,152990,77,intel,core i7,16,24,16,SSD,1024,No secondary storage,0,nvidia,dedicated,False,16.0,2560,1600,windows,1.0,1024,4096000,188.67962264113208
dell,37990,59,intel,core i3,6,8,8,SSD,512,No secondary storage,0,intel,integrated,False,15.6,1920,1080,windows,1.0,512,2073600,141.21199808219862
hp,60990,64,intel,core i5,8,12,8,SSD,512,No secondary storage,0,nvidia,dedicated,False,15.6,1920,1080,windows,1.0,512,2073600,141.21199808219862
hp,50999,58,amd,ryzen 7,8,16,16,SSD,512,No secondary storage,0,amd,integrated,False,15.6,1920,1080,windows,1.0,512,2073600,141.21199808219862
dell,65990,53,intel,core i5,10,12,16,SSD,1024,No secondary storage,0,intel,integrated,False,15.6,1920,1080,windows,1.0,1024,2073600,141.21199808219862
acer,32990,54,amd,ryzen 5,4,8,8,SSD,512,No secondary storage,0,amd,integrated,False,15.6,1920,1080,windows,1.0,512,2073600,141.21199808219862
asus,47990,62,intel,core i3,6,8,16,SSD,512,No secondary storage,0,intel,integrated,False,16.0,1920,1200,windows,1.0,512,2304000,141.50971698084905
lenovo,132190,83,amd,ryzen 7,8,16,16,SSD,1024,No secondary storage,0,nvidia,dedicated,False,16.0,2560,1600,windows,1.0,1024,4096000,188.67962264113208
ultimus,14990,45,intel,celeron,2,2,4,SSD,256,No secondary storage,0,intel,integrated,False,14.1,1366,768,windows,1.0,256,1049088,111.1413368676404
zebronics,33990,65,intel,core i3,6,8,8,SSD,512,No secondary storage,0,intel,integrated,False,15.6,1920,1080,windows,1.0,512,2073600,141.21199808219862
hp,165900,76,intel,core ultra 7,16,22,32,SSD,1024,No secondary storage,0,intel,dedicated,True,14.0,2880,1800,windows,1.0,1024,5184000,242.5880862528841
hp,39700,59,intel,core i3,6,8,8,SSD,512,No secondary storage,0,intel,integrated,False,15.6,1920,1080,windows,1.0,512,2073600,141.21199808219862
zebronics,32990,63,intel,core i5,4,8,16,SSD,512,No secondary storage,0,intel,integrated,False,15.6,1920,1080,windows,1.0,512,2073600,141.21199808219862
zebronics,52990,72,intel,core i7,10,12,16,SSD,1024,No secondary storage,0,intel,integrated,False,15.6,1920,1080,windows,1.0,1024,2073600,141.21199808219862
zebronics,29990,56,intel,core i3,4,8,8,SSD,512,No secondary storage,0,intel,integrated,False,15.6,1920,1080,windows,1.0,512,2073600,141.21199808219862
hp,68710,67,intel,core i5,10,12,16,SSD,1024,No secondary storage,0,intel,integrated,False,14.0,1920,1080,windows,1.0,1024,2073600,157.3505121487356
lenovo,61712,60,amd,ryzen 5,6,12,8,SSD,512,No secondary storage,0,nvidia,dedicated,False,15.6,1920,1080,windows,1.0,512,2073600,141.21199808219862
asus,91990,71,amd,ryzen 7,8,16,16,SSD,1024,No secondary storage,0,nvidia,dedicated,False,15.6,1920,1080,windows,1.0,1024,2073600,141.21199808219862
hp,60990,66,intel,core i5,8,12,8,SSD,512,No secondary storage,0,nvidia,dedicated,False,15.6,1920,1080,windows,1.0,512,2073600,141.21199808219862
chuwi,32990,50,intel,core i3,6,8,12,SSD,512,No secondary storage,0,intel,integrated,True,13.5,2256,1504,windows,1.0,512,3393024,200.84255993695703
acer,72990,64,intel,core i5,12,16,16,SSD,512,No secondary storage,0,intel,integrated,False,14.0,2880,1800,windows,1.0,512,5184000,242.5880862528841
hp,23999,49,amd,ryzen 3,2,4,8,SSD,512,No secondary storage,0,amd,integrated,False,15.6,1366,768,dos,1.0,512,1049088,100.45466986113651
gigabyte,71990,67,intel,core i5,8,12,16,SSD,512,No secondary storage,0,nvidia,dedicated,False,15.6,1920,1080,windows,2.0,512,2073600,141.21199808219862
asus,84990,69,intel,core i5,12,16,16,SSD,512,No secondary storage,0,intel,integrated,True,14.0,3840,2400,windows,1.0,512,9216000,323.45078167051213
asus,17990,35,intel,celeron,2,2,4,SSD,64,No secondary storage,0,intel,integrated,False,15.6,1920,1080,chrome,1.0,64,2073600,141.21199808219862
lenovo,25790,50,intel,celeron,2,2,8,SSD,256,No secondary storage,0,intel,integrated,False,15.6,1366,768,windows,1.0,256,1049088,100.45466986113651
hp,31999,56,amd,ryzen 5,6,12,8,SSD,256,No secondary storage,0,amd,integrated,False,15.6,1920,1080,windows,1.0,256,2073600,141.21199808219862
acer,179990,78,intel,core i9,24,32,16,SSD,1024,No secondary storage,0,nvidia,dedicated,False,16.0,1920,1200,windows,1.0,1024,2304000,141.50971698084905
asus,72990,71,intel,core i7,8,16,16,SSD,512,No secondary storage,0,nvidia,dedicated,False,15.6,1920,1080,windows,1.0,512,2073600,141.21199808219862
hp,92800,76,intel,core i7,10,16,16,SSD,1024,No secondary storage,0,nvidia,dedicated,False,15.6,1920,1080,windows,1.0,1024,2073600,141.21199808219862
lenovo,48990,64,amd,ryzen 7,8,16,16,SSD,512,No secondary storage,0,amd,integrated,False,15.6,1920,1080,windows,1.0,512,2073600,141.21199808219862
msi,54990,60,intel,core i7,10,12,16,SSD,512,No secondary storage,0,intel,integrated,False,14.0,1920,1080,windows,1.0,512,2073600,157.3505121487356
wings,39990,58,intel,core i7,4,8,16,SSD,512,No secondary storage,0,intel,integrated,False,14.0,1080,1920,windows,1.0,512,2073600,157.3505121487356
wings,24990,49,intel,core i3,4,8,8,SSD,256,No secondary storage,0,intel,integrated,False,15.6,1080,1920,windows,1.0,256,2073600,141.21199808219862
msi,61990,73,intel,core i5,6,12,16,HDD,1024,SSD,256,nvidia,dedicated,False,15.6,1920,1080,windows,,1280,2073600,141.21199808219862
infinix,38990,56,intel,core i5,10,12,16,SSD,512,No secondary storage,0,intel,integrated,False,14.0,1920,1080,windows,1.0,512,2073600,157.3505121487356
hp,72999,63,intel,core i5,10,12,16,SSD,1024,No secondary storage,0,intel,integrated,False,15.6,1920,1080,windows,1.0,1024,2073600,141.21199808219862
msi,52990,65,intel,core i5,6,12,8,SSD,512,No secondary storage,0,nvidia,dedicated,False,15.6,1920,1080,windows,2.0,512,2073600,141.21199808219862
msi,62990,73,intel,core i5,6,12,16,HDD,1024,SSD,256,nvidia,dedicated,False,15.6,1920,1080,windows,,1280,2073600,141.21199808219862
hp,87090,76,amd,ryzen 7,8,16,16,SSD,1024,No secondary storage,0,nvidia,dedicated,False,16.1,1920,1080,windows,1.0,1024,2073600,136.82653230324834
lenovo,70590,62,intel,core i5,12,16,16,SSD,512,No secondary storage,0,intel,integrated,False,16.0,1920,1200,windows,1.0,512,2304000,141.50971698084905
lenovo,66990,69,intel,core i5,8,12,16,SSD,512,No secondary storage,0,nvidia,dedicated,False,15.6,1920,1080,windows,1.0,512,2073600,141.21199808219862
lenovo,114990,63,intel,core i7,10,16,16,SSD,512,No secondary storage,0,nvidia,dedicated,False,15.6,1920,1080,windows,1.0,512,2073600,141.21199808219862
lenovo,99990,67,intel,core i7,10,16,16,SSD,512,No secondary storage,0,nvidia,dedicated,False,15.6,1920,1080,windows,1.0,512,2073600,141.21199808219862
hp,34990,63,intel,core i3,2,4,8,SSD,512,No secondary storage,0,intel,integrated,False,14.0,1366,768,windows,1.0,512,1049088,111.93520355955211
hp,64500,75,intel,core i5,6,12,16,SSD,512,No secondary storage,0,nvidia,dedicated,False,16.1,1920,1080,windows,1.0,512,2073600,136.82653230324834
hp,176499,85,intel,core i7,20,28,16,SSD,1024,No secondary storage,0,nvidia,dedicated,False,16.1,2560,1440,windows,1.0,1024,3686400,182.43537640433112
jio,14701,24,other,other,8,0,4,HDD,64,No secondary storage,0,arm,integrated,False,11.6,1366,768,other,1.0,64,1049088,135.0942111925629
asus,74990,65,intel,core i5,12,16,16,SSD,512,No secondary storage,0,intel,integrated,False,14.0,2880,1800,windows,1.0,512,5184000,242.5880862528841
asus,104990,76,intel,core i7,10,16,16,SSD,512,No secondary storage,0,nvidia,dedicated,False,16.0,1920,1200,windows,1.0,512,2304000,141.50971698084905
hp,94990,70,intel,core i5,8,12,16,SSD,512,No secondary storage,0,nvidia,dedicated,False,16.1,2560,1440,windows,1.0,512,3686400,182.43537640433112
dell,77490,73,intel,core i5,12,16,16,SSD,1024,No secondary storage,0,nvidia,dedicated,False,15.6,1920,1080,windows,1.0,1024,2073600,141.21199808219862
chuwi,24990,50,intel,core i3,2,4,8,SSD,512,No secondary storage,0,intel,integrated,False,14.0,1920,1200,windows,1.0,512,2304000,161.72539083525606
msi,39990,62,intel,core i5,4,8,16,SSD,512,No secondary storage,0,intel,integrated,False,14.0,1920,1080,windows,1.0,512,2073600,157.3505121487356
hp,55990,63,amd,ryzen 7,8,16,16,SSD,512,No secondary storage,0,amd,integrated,False,15.6,1920,1080,windows,1.0,512,2073600,141.21199808219862
infinix,48990,57,intel,core i5,12,16,16,SSD,512,No secondary storage,0,intel,integrated,False,15.6,1920,1080,windows,1.0,512,2073600,141.21199808219862
dell,39240,63,amd,ryzen 5,6,12,8,SSD,512,No secondary storage,0,amd,integrated,False,15.6,1920,1080,windows,1.0,512,2073600,141.21199808219862
asus,90060,77,intel,core i7,10,16,16,SSD,512,No secondary storage,0,nvidia,dedicated,False,16.0,1920,1200,windows,1.0,512,2304000,141.50971698084905
asus,85800,76,intel,core i5,12,16,16,SSD,512,No secondary storage,0,nvidia,dedicated,False,15.6,1920,1080,windows,1.0,512,2073600,141.21199808219862
asus,57990,70,intel,core i5,8,12,8,SSD,512,No secondary storage,0,nvidia,dedicated,False,16.0,1920,1200,windows,1.0,512,2304000,141.50971698084905
asus,60990,66,intel,core i5,12,16,16,SSD,512,No secondary storage,0,intel,integrated,False,15.6,1920,1080,windows,1.0,512,2073600,141.21199808219862
hp,73020,66,intel,core i5,12,16,16,SSD,512,No secondary storage,0,intel,integrated,False,15.6,1920,1080,windows,1.0,512,2073600,141.21199808219862
msi,53990,65,intel,core i7,10,12,16,SSD,512,No secondary storage,0,intel,integrated,False,14.0,1920,1080,windows,1.0,512,2073600,157.3505121487356
msi,56990,72,intel,core i5,6,12,16,SSD,512,No secondary storage,0,nvidia,dedicated,False,15.6,1920,1080,windows,2.0,512,2073600,141.21199808219862
lenovo,32980,53,intel,core i3,6,8,8,SSD,512,No secondary storage,0,intel,integrated,False,15.6,1920,1080,dos,1.0,512,2073600,141.21199808219862
msi,36990,62,intel,core i3,6,8,16,SSD,512,No secondary storage,0,intel,integrated,False,14.0,1920,1080,windows,1.0,512,2073600,157.3505121487356
asus,59990,60,amd,ryzen 5,6,12,8,SSD,512,No secondary storage,0,nvidia,dedicated,False,15.6,1920,1080,windows,1.0,512,2073600,141.21199808219862
asus,31990,59,intel,core i3,2,4,8,SSD,512,No secondary storage,0,intel,integrated,False,14.0,1920,1080,windows,1.0,512,2073600,157.3505121487356
apple,144990,56,apple,m2,8,8,8,SSD,512,No secondary storage,0,apple,apple,False,15.3,2880,1864,mac,1.0,512,5368320,224.22107567544035
infinix,25990,57,intel,core i3,2,4,8,SSD,512,No secondary storage,0,intel,integrated,False,14.0,1920,1080,windows,1.0,512,2073600,157.3505121487356
acer,31990,57,intel,core i3,6,8,8,SSD,512,No secondary storage,0,intel,integrated,False,15.6,1920,1080,windows,1.0,512,2073600,141.21199808219862
dell,57300,62,intel,core i5,10,12,16,SSD,512,No secondary storage,0,intel,integrated,False,15.6,1920,1080,windows,1.0,512,2073600,141.21199808219862
acer,29990,59,intel,core i3,2,4,8,SSD,256,No secondary storage,0,intel,integrated,False,14.0,1920,1080,windows,1.0,256,2073600,157.3505121487356
hp,49990,65,amd,ryzen 5,6,12,8,SSD,512,No secondary storage,0,amd,dedicated,False,15.6,1920,1080,windows,1.0,512,2073600,141.21199808219862
asus,56500,64,intel,core i5,12,16,16,SSD,512,No secondary storage,0,intel,integrated,False,15.6,1920,1080,windows,1.0,512,2073600,141.21199808219862
asus,56990,58,amd,ryzen 7,8,16,16,SSD,512,No secondary storage,0,amd,integrated,False,15.6,1920,1080,windows,1.0,512,2073600,141.21199808219862
acer,60990,70,intel,core i5,8,12,16,SSD,512,No secondary storage,0,nvidia,dedicated,False,15.6,1920,1080,windows,1.0,512,2073600,141.21199808219862
acer,56990,67,intel,core i5,10,12,16,SSD,512,No secondary storage,0,nvidia,dedicated,False,14.0,1920,1080,windows,1.0,512,2073600,157.3505121487356
asus,119990,80,amd,ryzen 9,8,16,16,SSD,1024,No secondary storage,0,amd,dedicated,False,15.6,1920,1200,windows,1.0,1024,2304000,145.1381712624093
asus,179990,77,intel,core i9,24,32,16,SSD,1024,No secondary storage,0,nvidia,dedicated,False,16.0,2560,1600,windows,1.0,1024,4096000,188.67962264113208
asus,189990,79,intel,core i9,24,32,16,SSD,1024,No secondary storage,0,nvidia,dedicated,False,16.0,2560,1600,windows,1.0,1024,4096000,188.67962264113208
asus,121489,78,intel,core i7,14,20,16,SSD,1024,No secondary storage,0,nvidia,dedicated,False,16.0,1920,1200,windows,1.0,1024,2304000,141.50971698084905
asus,47830,64,intel,core i5,10,12,8,SSD,512,No secondary storage,0,intel,integrated,False,15.6,1920,1080,windows,1.0,512,2073600,141.21199808219862
hp,52490,65,intel,core i5,4,8,16,SSD,512,No secondary storage,0,intel,integrated,False,15.6,1920,1080,windows,1.0,512,2073600,141.21199808219862
msi,67990,73,intel,core i5,8,12,16,SSD,512,No secondary storage,0,nvidia,dedicated,False,15.6,1920,1080,windows,2.0,512,2073600,141.21199808219862
hp,40190,59,intel,core i3,6,8,8,SSD,512,No secondary storage,0,intel,integrated,False,15.6,1920,1080,windows,1.0,512,2073600,141.21199808219862
hp,61990,57,intel,core i5,10,12,16,SSD,512,No secondary storage,0,intel,integrated,False,15.6,1920,1080,windows,1.0,512,2073600,141.21199808219862
asus,89990,67,intel,core i5,12,16,16,SSD,512,No secondary storage,0,nvidia,dedicated,False,16.0,1920,1200,windows,1.0,512,2304000,141.50971698084905
asus,55689,64,intel,core i5,6,12,8,SSD,512,No secondary storage,0,nvidia,dedicated,False,17.3,1920,1080,windows,1.0,512,2073600,127.33567457123111
hp,89490,69,intel,core i7,12,16,16,SSD,1024,No secondary storage,0,intel,integrated,False,15.6,1920,1080,windows,1.0,1024,2073600,141.21199808219862
acer,119990,75,intel,core i7,16,24,16,SSD,1024,No secondary storage,0,nvidia,dedicated,False,16.0,1920,1200,windows,1.0,1024,2304000,141.50971698084905
msi,65490,69,intel,core i5,8,12,16,SSD,512,No secondary storage,0,nvidia,dedicated,False,15.6,1920,1080,windows,2.0,512,2073600,141.21199808219862
hp,34990,54,amd,ryzen 3,4,8,8,SSD,512,No secondary storage,0,amd,integrated,False,15.6,1920,1080,windows,1.0,512,2073600,141.21199808219862
asus,69990,70,amd,ryzen 7,8,16,16,SSD,512,No secondary storage,0,amd,integrated,True,14.0,1920,1200,windows,1.0,512,2304000,161.72539083525606
asus,78990,65,intel,core i5,12,16,16,SSD,512,No secondary storage,0,intel,integrated,False,15.6,2880,1620,windows,1.0,512,4665600,211.81799712329794
asus,105739,71,intel,core i9,14,20,16,SSD,1024,No secondary storage,0,intel,integrated,False,15.6,2880,1620,windows,1.0,1024,4665600,211.81799712329794
asus,42990,59,intel,core i3,6,8,8,SSD,512,No secondary storage,0,intel,integrated,False,15.6,1920,1080,windows,1.0,512,2073600,141.21199808219862
honor,54990,66,intel,core i5,8,12,16,SSD,512,No secondary storage,0,intel,integrated,False,14.0,1920,1200,windows,1.0,512,2304000,161.72539083525606
lenovo,21990,53,amd,other,2,2,8,SSD,256,No secondary storage,0,amd,integrated,False,14.0,1920,1080,windows,1.0,256,2073600,157.3505121487356
lenovo,33400,53,intel,core i3,6,8,8,SSD,512,No secondary storage,0,intel,integrated,False,15.6,1920,1080,windows,1.0,512,2073600,141.21199808219862
hp,50990,67,amd,ryzen 5,6,12,8,SSD,512,No secondary storage,0,amd,dedicated,False,15.6,1920,1080,windows,1.0,512,2073600,141.21199808219862
dell,50990,68,amd,ryzen 5,6,12,16,SSD,512,No secondary storage,0,amd,integrated,False,14.0,1920,1080,windows,1.0,512,2073600,157.3505121487356
msi,43990,62,amd,ryzen 5,6,12,16,SSD,512,No secondary storage,0,amd,integrated,False,14.0,1920,1080,windows,1.0,512,2073600,157.3505121487356
acer,27990,49,intel,core i3,8,8,8,SSD,256,No secondary storage,0,intel,integrated,False,15.6,1920,1080,windows,1.0,256,2073600,141.21199808219862
msi,105990,79,intel,core i7,10,16,16,SSD,1024,No secondary storage,0,nvidia,dedicated,False,15.6,1920,1080,windows,2.0,1024,2073600,141.21199808219862
hp,46990,68,amd,ryzen 7,8,16,8,SSD,512,No secondary storage,0,amd,integrated,False,14.0,1920,1080,windows,1.0,512,2073600,157.3505121487356
acer,46990,67,intel,core i5,10,12,12,SSD,512,No secondary storage,0,intel,integrated,False,15.6,1920,1080,windows,1.0,512,2073600,141.21199808219862
asus,53990,65,amd,ryzen 5,6,12,16,SSD,512,No secondary storage,0,amd,integrated,False,15.6,1920,1080,windows,1.0,512,2073600,141.21199808219862
asus,48579,60,amd,ryzen 5,4,8,16,SSD,512,No secondary storage,0,amd,integrated,False,15.6,1920,1080,windows,1.0,512,2073600,141.21199808219862
asus,70990,65,amd,ryzen 7,8,16,16,SSD,512,No secondary storage,0,amd,integrated,False,16.0,1920,1200,windows,1.0,512,2304000,141.50971698084905
samsung,69990,56,intel,core i5,10,12,8,SSD,512,No secondary storage,0,intel,integrated,False,15.6,1920,1080,windows,1.0,512,2073600,141.21199808219862
samsung,75990,60,intel,core i7,10,12,16,SSD,512,No secondary storage,0,intel,integrated,False,15.6,1920,1080,windows,1.0,512,2073600,141.21199808219862
infinix,24990,52,intel,core i3,2,4,8,SSD,256,No secondary storage,0,intel,integrated,False,15.6,1920,1080,windows,1.0,256,2073600,141.21199808219862
hp,70990,69,amd,ryzen 7,8,16,16,SSD,512,No secondary storage,0,nvidia,dedicated,False,15.6,1920,1080,windows,1.0,512,2073600,141.21199808219862
asus,30890,50,intel,core i3,2,4,8,SSD,512,No secondary storage,0,intel,integrated,False,15.6,1920,1080,windows,1.0,512,2073600,141.21199808219862
hp,51990,67,amd,ryzen 5,6,12,8,SSD,512,No secondary storage,0,amd,dedicated,False,15.6,1920,1080,windows,1.0,512,2073600,141.21199808219862
hp,57990,73,intel,core i5,6,12,16,SSD,512,No secondary storage,0,nvidia,dedicated,False,16.1,1920,1080,windows,1.0,512,2073600,136.82653230324834
hp,48450,62,intel,core i5,4,8,8,SSD,512,No secondary storage,0,intel,integrated,False,15.6,1920,1080,windows,1.0,512,2073600,141.21199808219862
hp,79990,71,intel,core i5,10,12,16,SSD,512,No secondary storage,0,intel,integrated,True,13.4,1920,1200,windows,1.0,512,2304000,168.96682624578992
hp,63990,64,intel,core i5,10,12,16,SSD,512,No secondary storage,0,intel,integrated,False,14.0,1920,1080,windows,1.0,512,2073600,157.3505121487356
hp,19299,39,amd,other,2,2,4,SSD,256,No secondary storage,0,amd,integrated,False,15.6,1920,1080,dos,1.0,256,2073600,141.21199808219862
dell,69999,62,intel,core i5,12,16,16,SSD,512,No secondary storage,0,intel,integrated,False,14.0,1920,1080,windows,1.0,512,2073600,157.3505121487356
asus,62600,73,intel,core i5,12,16,16,SSD,512,No secondary storage,0,intel,integrated,True,14.0,1920,1080,windows,1.0,512,2073600,157.3505121487356
lenovo,99990,78,amd,ryzen 7,8,16,16,SSD,1024,No secondary storage,0,nvidia,dedicated,False,16.0,2560,1600,windows,1.0,1024,4096000,188.67962264113208
msi,83990,78,intel,core i7,14,20,16,SSD,512,No secondary storage,0,nvidia,dedicated,False,16.0,2560,1660,windows,2.0,512,4249600,190.6936351848168
hp,59871,71,amd,ryzen 5,6,12,8,SSD,512,No secondary storage,0,nvidia,dedicated,False,15.6,1920,1080,windows,1.0,512,2073600,141.21199808219862
hp,56999,54,intel,core i5,10,12,16,SSD,512,No secondary storage,0,intel,integrated,False,15.6,1920,1080,windows,1.0,512,2073600,141.21199808219862
asus,144990,85,amd,ryzen 9,8,16,16,SSD,1024,No secondary storage,0,nvidia,dedicated,False,15.6,2560,1440,windows,1.0,1024,3686400,188.28266410959816
hp,40609,58,intel,core i3,2,4,8,SSD,512,No secondary storage,0,intel,integrated,False,15.6,1920,1080,windows,1.0,512,2073600,141.21199808219862
lenovo,64990,74,amd,ryzen 5,6,12,16,SSD,512,No secondary storage,0,nvidia,dedicated,False,15.6,1920,1080,windows,1.0,512,2073600,141.21199808219862
apple,132990,45,apple,m2,8,8,8,SSD,512,No secondary storage,0,apple,apple,False,13.6,2560,1664,mac,1.0,512,4259840,224.5056083176765
apple,136990,45,apple,m2,8,8,8,SSD,512,No secondary storage,0,apple,apple,False,13.3,2560,1600,mac,1.0,512,4096000,226.98300468106115
samsung,54990,59,intel,core i5,10,12,8,SSD,512,No secondary storage,0,intel,integrated,False,15.6,1920,1080,windows,,512,2073600,141.21199808219862
lenovo,24990,49,intel,celeron,4,2,4,HDD,128,SSD,128,intel,integrated,True,10.1,1200,800,windows,,256,960000,142.79410991936592
hp,63990,62,intel,core i5,12,16,8,SSD,512,No secondary storage,0,intel,integrated,False,15.6,1920,1080,windows,1.0,512,2073600,141.21199808219862
hp,24990,52,amd,other,2,2,8,HDD,1024,No secondary storage,0,amd,integrated,False,14.0,1366,768,windows,1.0,1024,1049088,111.93520355955211
samsung,116990,68,intel,core i7,8,16,16,SSD,512,No secondary storage,0,intel,integrated,False,15.6,1080,1920,windows,1.0,512,2073600,141.21199808219862
hp,41750,64,amd,ryzen 5,6,12,8,SSD,512,No secondary storage,0,amd,integrated,False,14.0,1920,1080,windows,1.0,512,2073600,157.3505121487356
realme,36990,52,intel,core i3,2,4,8,SSD,256,No secondary storage,0,intel,integrated,False,14.0,1440,2160,windows,1.0,256,3110400,185.42835130957658
dell,52199,56,intel,core i5,4,8,8,HDD,1024,SSD,256,intel,integrated,False,15.6,1920,1080,windows,,1280,2073600,141.21199808219862
avita,21390,56,amd,ryzen 5,4,8,8,SSD,512,No secondary storage,0,amd,integrated,False,14.0,1920,1080,windows,1.0,512,2073600,157.3505121487356
hp,90464,56,intel,core i5,4,8,8,SSD,512,No secondary storage,0,intel,integrated,False,14.0,1920,1080,windows,3.0,512,2073600,157.3505121487356
dell,87990,67,intel,core i7,4,8,8,SSD,256,No secondary storage,0,nvidia,dedicated,False,13.3,1920,1080,windows,1.0,256,2073600,165.6321180513006
chuwi,21990,50,intel,other,4,4,8,SSD,256,No secondary storage,0,intel,integrated,False,14.1,1920,1080,windows,1.0,256,2073600,156.23455106966654
chuwi,34990,54,intel,core i5,4,8,16,SSD,512,No secondary storage,0,intel,integrated,False,14.0,2160,1440,windows,1.0,512,3110400,185.42835130957658
avita,32949,50,amd,ryzen 5,6,12,8,SSD,512,No secondary storage,0,amd,integrated,False,14.0,1920,1080,windows,1.0,512,2073600,157.3505121487356
lenovo,150000,64,intel,core i5,5,5,8,SSD,1024,No secondary storage,0,intel,integrated,True,13.3,2048,1536,windows,1.0,1024,3145728,192.4812030075188
dell,208490,80,intel,core i9,24,32,16,SSD,1024,No secondary storage,0,nvidia,dedicated,False,16.0,2560,1600,windows,1.0,1024,4096000,188.67962264113208
hp,79467,64,amd,ryzen 5,6,12,8,SSD,512,No secondary storage,0,amd,integrated,True,15.6,1920,1080,windows,1.0,512,2073600,141.21199808219862
lenovo,56990,57,intel,core i5,8,12,16,SSD,512,No secondary storage,0,intel,integrated,False,15.6,1920,1080,windows,1.0,512,2073600,141.21199808219862
lenovo,54990,58,intel,core i3,6,8,8,SSD,512,No secondary storage,0,intel,integrated,True,14.0,1920,1200,windows,1.0,512,2304000,161.72539083525606
hp,57500,51,intel,core i5,10,12,8,SSD,512,No secondary storage,0,intel,integrated,False,15.6,1920,1080,dos,1.0,512,2073600,141.21199808219862
hp,54599,58,intel,core i5,10,12,8,SSD,512,No secondary storage,0,intel,integrated,False,14.0,1366,768,dos,1.0,512,1049088,111.93520355955211
lenovo,62999,62,intel,core i5,10,12,8,SSD,512,No secondary storage,0,intel,integrated,False,14.0,1920,1080,dos,1.0,512,2073600,157.3505121487356
lenovo,36490,50,amd,ryzen 5,6,12,8,SSD,512,No secondary storage,0,amd,integrated,False,15.6,1920,1080,windows,1.0,512,2073600,141.21199808219862
lenovo,45990,58,intel,core i5,4,8,8,SSD,512,No secondary storage,0,intel,integrated,False,14.0,1366,768,dos,1.0,512,1049088,111.93520355955211
lenovo,46990,62,intel,core i5,4,8,8,SSD,512,No secondary storage,0,intel,integrated,False,14.0,1920,1080,windows,1.0,512,2073600,157.3505121487356
msi,66350,69,intel,core i7,8,16,16,HDD,1024,SSD,256,nvidia,dedicated,False,15.6,1920,1080,windows,,1280,2073600,141.21199808219862
lenovo,62990,66,intel,core i7,10,12,16,SSD,512,No secondary storage,0,intel,integrated,False,15.6,1920,1080,windows,1.0,512,2073600,141.21199808219862
dell,36731,53,amd,ryzen 3,4,8,8,SSD,512,No secondary storage,0,amd,integrated,False,15.6,1920,1080,windows,1.0,512,2073600,141.21199808219862
hp,51901,62,amd,ryzen 7,8,16,16,SSD,512,No secondary storage,0,amd,integrated,False,15.6,1920,1080,windows,1.0,512,2073600,141.21199808219862
dell,59890,58,intel,core i3,6,8,8,SSD,512,No secondary storage,0,intel,integrated,True,14.0,1920,1200,windows,1.0,512,2304000,161.72539083525606
lenovo,73990,57,intel,core i5,8,12,16,SSD,1024,No secondary storage,0,intel,integrated,False,14.0,1920,1200,windows,1.0,1024,2304000,161.72539083525606
lenovo,61990,60,intel,core i5,8,12,16,SSD,1024,No secondary storage,0,intel,integrated,False,14.0,1920,1200,windows,1.0,1024,2304000,161.72539083525606
hp,67288,52,intel,core i7,10,12,8,SSD,512,No secondary storage,0,intel,integrated,False,15.6,1920,1080,dos,1.0,512,2073600,141.21199808219862
dell,34990,49,intel,core i3,2,4,8,SSD,512,No secondary storage,0,intel,integrated,False,15.6,1920,1080,windows,1.0,512,2073600,141.21199808219862
lenovo,74900,63,intel,core i5,10,12,8,SSD,512,No secondary storage,0,intel,integrated,False,14.0,1920,1080,dos,,512,2073600,157.3505121487356
dell,152000,59,intel,core i5,10,12,16,SSD,512,No secondary storage,0,intel,integrated,True,14.0,1920,1200,windows,,512,2304000,161.72539083525606
lenovo,31990,51,intel,core i3,2,4,8,SSD,256,No secondary storage,0,intel,integrated,False,15.6,1920,1080,windows,1.0,256,2073600,141.21199808219862
acer,29990,47,intel,core i3,8,8,8,SSD,512,No secondary storage,0,intel,integrated,False,15.6,1920,1080,windows,1.0,512,2073600,141.21199808219862
acer,46500,64,intel,core i5,4,8,16,SSD,1024,No secondary storage,0,intel,integrated,False,15.6,1920,1080,windows,1.0,1024,2073600,141.21199808219862
lenovo,218990,64,intel,core i7,10,12,16,SSD,1024,No secondary storage,0,intel,integrated,False,14.0,1920,1200,windows,1.0,1024,2304000,161.72539083525606
avita,32550,51,intel,core i3,6,8,8,SSD,512,No secondary storage,0,intel,integrated,False,15.6,1920,1080,windows,1.0,512,2073600,141.21199808219862
acer,49990,64,intel,core i7,4,8,16,SSD,512,No secondary storage,0,intel,integrated,False,14.0,1920,1080,windows,1.0,512,2073600,157.3505121487356
acer,44999,64,intel,core i5,10,12,16,SSD,512,No secondary storage,0,intel,integrated,False,15.6,1920,1080,windows,1.0,512,2073600,141.21199808219862
acer,42999,62,intel,core i5,10,12,8,SSD,512,No secondary storage,0,intel,integrated,False,15.6,1920,1080,windows,1.0,512,2073600,141.21199808219862
avita,19421,41,intel,celeron,2,2,8,SSD,256,No secondary storage,0,intel,integrated,False,14.0,1920,1080,windows,1.0,256,2073600,157.3505121487356
apple,189900,53,apple,m3,8,8,8,SSD,1024,No secondary storage,0,apple,apple,False,14.2,3024,1964,mac,1.0,1024,5939136,253.93034266273992
apple,239900,58,apple,m3,12,12,8,SSD,1024,No secondary storage,0,apple,apple,False,14.2,3024,1964,mac,1.0,1024,5939136,253.93034266273992
lenovo,123190,67,intel,core i7,12,16,16,SSD,1024,No secondary storage,0,intel,integrated,True,13.3,2560,1600,windows,1.0,1024,4096000,226.98300468106115
asus,32825,37,intel,celeron,2,2,8,HDD,128,No secondary storage,0,intel,integrated,False,15.6,1920,1080,chrome,1.0,128,2073600,141.21199808219862
lenovo,68990,66,amd,ryzen 5,6,12,8,SSD,512,No secondary storage,0,nvidia,dedicated,False,15.6,1920,1080,windows,1.0,512,2073600,141.21199808219862
acer,46990,63,intel,core i5,10,12,8,SSD,512,No secondary storage,0,intel,integrated,False,15.6,1920,1080,windows,1.0,512,2073600,141.21199808219862
lenovo,107911,75,amd,ryzen 7,8,16,16,SSD,512,No secondary storage,0,nvidia,dedicated,False,15.6,1920,1080,windows,1.0,512,2073600,141.21199808219862
lenovo,51894,65,amd,ryzen 5,4,8,8,SSD,512,No secondary storage,0,nvidia,dedicated,False,15.6,1920,1080,windows,1.0,512,2073600,141.21199808219862
asus,30199,44,intel,celeron,2,2,8,HDD,128,No secondary storage,0,intel,integrated,True,14.0,1920,1080,chrome,1.0,128,2073600,157.3505121487356
avita,20999,43,intel,celeron,2,2,8,SSD,512,No secondary storage,0,intel,integrated,False,15.6,1920,1080,windows,1.0,512,2073600,141.21199808219862
apple,169900,51,apple,m3,8,8,8,SSD,512,No secondary storage,0,apple,apple,False,14.2,3024,1964,mac,1.0,512,5939136,253.93034266273992
hp,155299,70,intel,core i7,10,12,16,SSD,512,No secondary storage,0,intel,integrated,True,13.5,3000,2000,windows,1.0,512,6000000,267.07787225659183
hp,111943,78,amd,ryzen 7,8,16,16,SSD,1024,No secondary storage,0,nvidia,dedicated,False,16.1,1920,1080,windows,1.0,1024,2073600,136.82653230324834
hp,76599,69,intel,core i5,10,12,16,SSD,512,No secondary storage,0,intel,integrated,False,14.0,1366,768,windows,1.0,512,1049088,111.93520355955211
hp,40990,57,intel,core i3,6,8,8,SSD,512,No secondary storage,0,intel,integrated,False,15.6,1920,1080,windows,1.0,512,2073600,141.21199808219862
acer,46490,63,intel,core i5,4,8,8,SSD,1024,No secondary storage,0,intel,integrated,False,15.6,1920,1080,windows,1.0,1024,2073600,141.21199808219862
lenovo,46990,57,intel,core i5,10,12,8,SSD,512,No secondary storage,0,intel,integrated,False,14.0,1920,1080,dos,3.0,512,2073600,157.3505121487356
hp,99470,77,intel,core i7,10,16,16,SSD,512,No secondary storage,0,nvidia,dedicated,False,15.6,1920,1080,windows,1.0,512,2073600,141.21199808219862
lenovo,359095,86,intel,core i9,24,32,32,SSD,1024,No secondary storage,0,nvidia,dedicated,False,16.0,2560,1600,windows,1.0,1024,4096000,188.67962264113208
microsoft,79990,58,intel,core i5,10,12,8,SSD,256,No secondary storage,0,intel,integrated,True,12.4,1536,1024,windows,1.0,256,1572864,148.8743752449647
acer,56990,56,intel,core i5,10,12,16,SSD,512,No secondary storage,0,intel,integrated,False,14.0,1920,1200,windows,1.0,512,2304000,161.72539083525606
acer,39800,62,amd,ryzen 5,6,12,16,SSD,1024,No secondary storage,0,amd,integrated,False,15.6,1920,1080,windows,1.0,1024,2073600,141.21199808219862
dell,88990,64,intel,core i5,10,12,8,SSD,512,No secondary storage,0,intel,integrated,True,14.0,1920,1200,windows,1.0,512,2304000,161.72539083525606
lenovo,55190,70,intel,core i5,4,8,16,SSD,512,No secondary storage,0,nvidia,dedicated,False,15.6,1920,1080,windows,1.0,512,2073600,141.21199808219862
hp,112990,76,amd,ryzen 7,8,16,16,SSD,1024,No secondary storage,0,nvidia,dedicated,False,16.1,1920,1080,windows,1.0,1024,2073600,136.82653230324834
asus,86500,67,amd,ryzen 7,8,16,16,SSD,1024,No secondary storage,0,nvidia,dedicated,False,15.6,1920,1080,windows,1.0,1024,2073600,141.21199808219862
msi,199990,80,intel,core i7,16,24,16,SSD,1024,No secondary storage,0,nvidia,dedicated,False,16.0,2560,1600,windows,1.0,1024,4096000,188.67962264113208
dell,105490,75,intel,core i7,14,20,16,SSD,1024,No secondary storage,0,nvidia,dedicated,False,15.6,1920,1080,windows,1.0,1024,2073600,141.21199808219862
lenovo,61990,69,amd,ryzen 5,6,12,16,SSD,512,No secondary storage,0,amd,integrated,True,14.0,1920,1200,windows,1.0,512,2304000,161.72539083525606
asus,47550,58,amd,ryzen 5,4,8,8,SSD,512,No secondary storage,0,amd,integrated,False,14.0,1920,1080,windows,1.0,512,2073600,157.3505121487356
asus,64990,65,amd,ryzen 5,6,12,16,SSD,1024,No secondary storage,0,intel,integrated,False,15.6,1920,1080,windows,1.0,1024,2073600,141.21199808219862
lenovo,49499,54,intel,core i3,2,4,8,SSD,512,No secondary storage,0,intel,integrated,False,14.0,1920,1080,dos,3.0,512,2073600,157.3505121487356
lenovo,36990,53,amd,ryzen 5,4,8,8,SSD,512,No secondary storage,0,amd,integrated,False,15.6,1920,1080,windows,1.0,512,2073600,141.21199808219862
hp,90999,72,intel,core i5,12,16,16,SSD,512,No secondary storage,0,nvidia,dedicated,False,16.1,1920,1080,windows,1.0,512,2073600,136.82653230324834
lenovo,34590,57,intel,core i3,6,8,8,SSD,256,No secondary storage,0,intel,integrated,False,15.6,1920,1080,windows,1.0,256,2073600,141.21199808219862
lenovo,32490,56,amd,ryzen 3,4,8,8,SSD,512,No secondary storage,0,amd,integrated,False,15.6,1920,1080,windows,1.0,512,2073600,141.21199808219862
asus,99111,69,intel,core i5,12,16,16,SSD,512,No secondary storage,0,nvidia,dedicated,False,16.0,1920,1200,windows,1.0,512,2304000,141.50971698084905
lenovo,55700,69,intel,core i5,4,8,8,SSD,512,No secondary storage,0,nvidia,dedicated,False,15.6,1920,1080,windows,1.0,512,2073600,141.21199808219862
hp,35900,60,intel,core i3,6,8,8,SSD,512,No secondary storage,0,intel,integrated,False,15.6,1366,768,windows,1.0,512,1049088,100.45466986113651
lenovo,70190,67,amd,ryzen 7,8,16,8,SSD,512,No secondary storage,0,nvidia,dedicated,False,15.6,1920,1080,windows,1.0,512,2073600,141.21199808219862
lenovo,92190,75,intel,core i5,12,16,16,SSD,1024,No secondary storage,0,intel,integrated,True,14.0,2880,1800,windows,1.0,1024,5184000,242.5880862528841
asus,27990,45,intel,celeron,2,2,8,SSD,256,No secondary storage,0,intel,integrated,False,14.0,1920,1080,windows,1.0,256,2073600,157.3505121487356
asus,79970,63,amd,ryzen 7,8,16,16,SSD,512,No secondary storage,0,nvidia,dedicated,False,15.6,1920,1080,windows,1.0,512,2073600,141.21199808219862
acer,23990,38,intel,celeron,2,2,8,SSD,64,No secondary storage,0,intel,integrated,False,14.0,1080,1920,chrome,1.0,64,2073600,157.3505121487356
dell,51487,58,intel,core i3,2,4,8,SSD,512,No secondary storage,0,intel,integrated,False,15.6,1920,1080,windows,1.0,512,2073600,141.21199808219862
lenovo,51990,63,amd,ryzen 5,4,8,8,SSD,512,No secondary storage,0,nvidia,dedicated,False,15.6,1920,1080,windows,1.0,512,2073600,141.21199808219862
dell,56990,57,intel,core i3,6,8,8,SSD,256,No secondary storage,0,intel,integrated,True,14.0,1920,1200,windows,1.0,256,2304000,161.72539083525606
hp,342500,88,intel,core i9,24,32,32,SSD,1024,No secondary storage,0,nvidia,dedicated,False,17.3,2560,1440,windows,1.0,1024,3686400,169.78089942830815
zebronics,39990,66,intel,core i5,10,12,8,SSD,512,No secondary storage,0,intel,integrated,False,15.6,1920,1080,windows,1.0,512,2073600,141.21199808219862
zebronics,32990,60,intel,core i5,4,8,8,SSD,512,No secondary storage,0,intel,integrated,False,15.6,1920,1080,windows,1.0,512,2073600,141.21199808219862
primebook,12990,31,other,other,8,0,4,HDD,64,No secondary storage,0,arm,integrated,False,11.6,1366,768,other,1.0,64,1049088,135.0942111925629
acer,63999,65,intel,core i5,8,12,16,SSD,512,No secondary storage,0,nvidia,dedicated,False,15.6,1920,1080,windows,1.0,512,2073600,141.21199808219862
acer,65990,62,intel,core i5,8,12,8,SSD,512,No secondary storage,0,nvidia,dedicated,False,15.6,1920,1080,windows,1.0,512,2073600,141.21199808219862
ultimus,16490,47,intel,celeron,2,2,8,SSD,256,No secondary storage,0,intel,integrated,False,14.1,1366,768,windows,1.0,256,1049088,111.1413368676404
hp,53190,62,intel,core i5,10,12,8,SSD,512,No secondary storage,0,intel,integrated,False,15.6,1920,1080,windows,1.0,512,2073600,141.21199808219862
zebronics,50990,72,intel,core i7,10,12,16,SSD,512,No secondary storage,0,intel,integrated,False,15.6,1920,1080,windows,1.0,512,2073600,141.21199808219862
hp,92590,70,amd,ryzen 7,8,16,16,SSD,1024,No secondary storage,0,amd,integrated,False,14.0,2880,1800,windows,1.0,1024,5184000,242.5880862528841
hp,259499,85,intel,core i7,16,24,16,SSD,1024,No secondary storage,0,nvidia,dedicated,False,17.3,2560,1440,windows,1.0,1024,3686400,169.78089942830815
hp,292999,88,intel,core i9,24,32,32,SSD,2048,No secondary storage,0,nvidia,dedicated,False,16.1,2560,1600,windows,1.0,2048,4096000,187.50769951913745
hp,165999,79,intel,core i7,16,24,16,SSD,512,No secondary storage,0,nvidia,dedicated,False,17.3,1920,1080,windows,1.0,512,2073600,127.33567457123111
hp,168500,78,intel,core i7,16,24,16,SSD,512,No secondary storage,0,nvidia,dedicated,False,16.1,2560,1600,windows,1.0,512,4096000,187.50769951913745
asus,85990,70,intel,core i5,12,16,8,SSD,512,No secondary storage,0,nvidia,dedicated,False,17.3,1920,1080,windows,1.0,512,2073600,127.33567457123111
lenovo,84990,58,intel,core i5,12,16,16,SSD,1024,No secondary storage,0,intel,integrated,False,14.0,1920,1200,windows,1.0,1024,2304000,161.72539083525606
lenovo,80190,57,intel,core i5,12,16,16,SSD,512,No secondary storage,0,intel,integrated,False,14.0,1920,1200,windows,1.0,512,2304000,161.72539083525606
lenovo,109190,63,intel,core i7,14,20,16,SSD,1024,No secondary storage,0,nvidia,dedicated,False,16.0,2560,1600,windows,3.0,1024,4096000,188.67962264113208
lenovo,54190,65,amd,ryzen 5,6,12,8,SSD,512,No secondary storage,0,nvidia,dedicated,False,15.6,1920,1080,windows,1.0,512,2073600,141.21199808219862
lenovo,54190,69,intel,core i5,4,8,8,SSD,512,No secondary storage,0,nvidia,dedicated,False,15.6,1920,1080,windows,1.0,512,2073600,141.21199808219862
asus,14990,38,intel,celeron,2,2,4,HDD,32,No secondary storage,0,intel,integrated,False,11.6,1366,768,chrome,1.0,32,1049088,135.0942111925629
asus,66718,66,intel,core i5,6,12,16,SSD,512,No secondary storage,0,nvidia,dedicated,False,17.3,1920,1080,windows,1.0,512,2073600,127.33567457123111
asus,53990,51,intel,core i5,10,12,8,SSD,512,No secondary storage,0,intel,integrated,False,15.6,1920,1080,windows,1.0,512,2073600,141.21199808219862
asus,20990,38,intel,celeron,2,2,8,SSD,128,No secondary storage,0,intel,integrated,False,14.0,1920,1080,chrome,1.0,128,2073600,157.3505121487356
lenovo,78190,64,intel,core i5,10,12,16,SSD,512,No secondary storage,0,intel,integrated,True,14.0,1920,1200,windows,1.0,512,2304000,161.72539083525606
lenovo,39990,56,amd,ryzen 5,6,12,8,SSD,512,No secondary storage,0,amd,integrated,False,15.6,1920,1080,windows,1.0,512,2073600,141.21199808219862
dell,61990,53,intel,core i5,10,12,8,SSD,512,No secondary storage,0,intel,integrated,False,14.0,1920,1080,windows,1.0,512,2073600,157.3505121487356
hp,38990,57,intel,core i3,6,8,8,SSD,512,No secondary storage,0,intel,integrated,False,15.6,1920,1080,windows,1.0,512,2073600,141.21199808219862
lenovo,93190,58,intel,core i7,14,20,16,SSD,512,No secondary storage,0,intel,integrated,False,14.0,1920,1200,windows,1.0,512,2304000,161.72539083525606
lenovo,164190,84,amd,ryzen 7,8,16,16,SSD,1024,No secondary storage,0,nvidia,dedicated,False,16.0,2560,1600,windows,1.0,1024,4096000,188.67962264113208
lenovo,298990,85,intel,core i9,24,32,32,SSD,1024,No secondary storage,0,nvidia,dedicated,False,16.0,2560,1600,windows,1.0,1024,4096000,188.67962264113208
lenovo,139190,78,intel,core i7,10,16,16,SSD,1024,No secondary storage,0,nvidia,dedicated,False,16.0,2560,1600,windows,1.0,1024,4096000,188.67962264113208
lenovo,70190,58,intel,core i5,8,12,16,SSD,512,No secondary storage,0,intel,integrated,False,14.0,1920,1200,windows,2.0,512,2304000,161.72539083525606
lenovo,103395,77,amd,ryzen 7,8,16,16,SSD,512,No secondary storage,0,nvidia,dedicated,False,16.0,2560,1600,windows,1.0,512,4096000,188.67962264113208
lenovo,39990,57,amd,ryzen 5,4,8,8,SSD,512,No secondary storage,0,amd,integrated,False,15.6,1920,1080,windows,1.0,512,2073600,141.21199808219862
msi,449990,89,intel,core i9,24,32,4,SSD,2048,No secondary storage,0,nvidia,dedicated,False,16.0,2560,1600,windows,2.0,2048,4096000,188.67962264113208
lenovo,90000,65,intel,core i7,10,12,16,SSD,512,No secondary storage,0,intel,integrated,True,14.0,1920,1200,windows,1.0,512,2304000,161.72539083525606
lenovo,34990,57,intel,core i3,6,8,8,SSD,256,No secondary storage,0,intel,integrated,False,15.6,1920,1080,windows,1.0,256,2073600,141.21199808219862
msi,79990,70,amd,ryzen 7,8,16,16,SSD,512,No secondary storage,0,amd,dedicated,False,15.6,1920,1080,windows,1.0,512,2073600,141.21199808219862
hp,28990,47,intel,celeron,2,2,8,SSD,512,No secondary storage,0,intel,integrated,False,14.0,1366,768,windows,1.0,512,1049088,111.93520355955211
acer,49990,67,intel,core i7,4,8,16,SSD,1024,No secondary storage,0,intel,integrated,False,14.0,1920,1080,windows,1.0,1024,2073600,157.3505121487356
acer,61700,65,intel,core i5,10,12,16,SSD,512,No secondary storage,0,nvidia,dedicated,False,15.6,1920,1080,windows,1.0,512,2073600,141.21199808219862
lenovo,32990,57,amd,ryzen 3,4,8,8,SSD,512,No secondary storage,0,amd,integrated,False,15.6,1920,1080,windows,1.0,512,2073600,141.21199808219862
lenovo,49990,67,intel,core i5,4,8,8,SSD,512,No secondary storage,0,nvidia,dedicated,False,15.6,1920,1080,windows,1.0,512,2073600,141.21199808219862
asus,86689,73,intel,core i9,14,20,16,SSD,1024,No secondary storage,0,intel,integrated,False,16.0,1920,1200,windows,1.0,1024,2304000,141.50971698084905
acer,25490,38,intel,celeron,2,2,8,SSD,128,No secondary storage,0,intel,integrated,False,14.0,1280,1024,chrome,1.0,128,1310720,117.08570034162923
dell,68028,53,intel,core i5,4,8,8,SSD,512,No secondary storage,0,intel,integrated,False,15.6,1920,1080,windows,1.0,512,2073600,141.21199808219862
hp,89999,70,intel,core i5,4,8,16,SSD,512,No secondary storage,0,intel,integrated,False,14.0,1920,1080,windows,1.0,512,2073600,157.3505121487356
asus,69437,58,amd,ryzen 5,6,12,16,SSD,1024,No secondary storage,0,amd,integrated,True,14.0,1920,1200,windows,1.0,1024,2304000,161.72539083525606
asus,73990,62,amd,ryzen 7,8,16,16,SSD,1024,No secondary storage,0,amd,integrated,True,14.0,1920,1200,windows,1.0,1024,2304000,161.72539083525606
lenovo,39990,58,amd,ryzen 5,4,8,8,SSD,512,No secondary storage,0,amd,integrated,False,15.6,1920,1080,windows,1.0,512,2073600,141.21199808219862
lenovo,63712,60,amd,ryzen 5,6,12,8,SSD,512,No secondary storage,0,nvidia,dedicated,False,15.6,1920,1080,windows,1.0,512,2073600,141.21199808219862
lenovo,49990,62,amd,ryzen 5,4,8,8,SSD,512,No secondary storage,0,nvidia,dedicated,False,15.6,1920,1080,windows,1.0,512,2073600,141.21199808219862
lenovo,32990,51,intel,core i3,6,8,8,SSD,256,No secondary storage,0,intel,integrated,False,15.6,1920,1080,windows,1.0,256,2073600,141.21199808219862
dell,56340,57,intel,core i5,4,8,8,SSD,512,No secondary storage,0,intel,integrated,False,15.6,1920,1080,windows,1.0,512,2073600,141.21199808219862
lenovo,30190,46,amd,other,2,2,8,SSD,512,No secondary storage,0,amd,integrated,False,15.6,1366,768,windows,1.0,512,1049088,100.45466986113651
dell,56880,57,intel,core i5,10,12,16,SSD,512,No secondary storage,0,intel,integrated,False,15.6,1920,1080,windows,1.0,512,2073600,141.21199808219862
dell,56990,56,intel,core i5,10,12,8,SSD,512,No secondary storage,0,intel,integrated,False,15.6,1920,1080,windows,1.0,512,2073600,141.21199808219862
acer,39990,58,intel,core i3,6,8,16,SSD,512,No secondary storage,0,intel,integrated,False,15.6,1920,1080,windows,1.0,512,2073600,141.21199808219862
lenovo,29990,51,amd,ryzen 3,4,8,8,SSD,512,No secondary storage,0,amd,integrated,False,14.0,1920,1080,windows,1.0,512,2073600,157.3505121487356
lenovo,46990,63,intel,core i5,10,12,8,SSD,512,No secondary storage,0,intel,integrated,False,15.6,1920,1080,windows,1.0,512,2073600,141.21199808219862
dell,50990,57,intel,core i5,10,12,8,SSD,512,No secondary storage,0,intel,integrated,False,15.6,1920,1080,windows,1.0,512,2073600,141.21199808219862
lenovo,54990,64,intel,core i7,10,12,16,SSD,512,No secondary storage,0,intel,integrated,False,15.6,1920,1080,windows,1.0,512,2073600,141.21199808219862
dell,38990,56,amd,ryzen 5,6,12,8,SSD,512,No secondary storage,0,amd,integrated,False,15.6,1920,1080,windows,1.0,512,2073600,141.21199808219862
msi,196580,83,intel,core i7,14,20,32,SSD,1024,No secondary storage,0,nvidia,dedicated,False,16.0,1920,1200,windows,2.0,1024,2304000,141.50971698084905
asus,99990,70,intel,core i5,10,16,16,SSD,1024,No secondary storage,0,nvidia,dedicated,False,16.0,1920,1200,windows,1.0,1024,2304000,141.50971698084905
hp,74999,64,intel,core i5,10,12,8,SSD,512,No secondary storage,0,intel,integrated,False,14.0,1366,768,windows,1.0,512,1049088,111.93520355955211
lenovo,42499,43,intel,core i3,5,6,8,SSD,512,No secondary storage,0,intel,integrated,False,15.6,1920,1080,windows,1.0,512,2073600,141.21199808219862
lenovo,67990,69,amd,ryzen 5,6,12,16,SSD,512,No secondary storage,0,amd,integrated,True,14.0,1920,1200,windows,1.0,512,2304000,161.72539083525606
asus,86189,71,amd,ryzen 7,8,16,16,SSD,512,No secondary storage,0,nvidia,dedicated,False,17.3,1920,1080,windows,1.0,512,2073600,127.33567457123111
lenovo,36650,58,intel,core i3,2,4,8,SSD,512,No secondary storage,0,intel,integrated,False,15.6,1920,1080,windows,1.0,512,2073600,141.21199808219862
hp,113999,75,intel,core i7,10,12,16,SSD,1024,No secondary storage,0,intel,integrated,False,16.0,1920,1200,windows,1.0,1024,2304000,141.50971698084905
dell,65990,57,intel,core i5,10,12,16,SSD,1024,No secondary storage,0,intel,integrated,False,15.6,1920,1080,windows,1.0,1024,2073600,141.21199808219862
lenovo,48990,59,intel,core i5,4,8,16,SSD,512,No secondary storage,0,intel,integrated,False,15.6,1920,1080,windows,1.0,512,2073600,141.21199808219862
lenovo,49990,65,intel,core i5,4,8,8,SSD,512,No secondary storage,0,nvidia,dedicated,False,15.6,1920,1080,windows,1.0,512,2073600,141.21199808219862
acer,34990,62,intel,core i3,2,4,16,SSD,512,No secondary storage,0,intel,integrated,False,15.6,1920,1080,windows,1.0,512,2073600,141.21199808219862
lenovo,86990,71,amd,ryzen 7,8,16,16,SSD,1024,No secondary storage,0,amd,integrated,True,13.3,1920,1200,windows,1.0,1024,2304000,170.23725351079585
lenovo,65990,63,amd,ryzen 7,8,16,16,SSD,512,No secondary storage,0,amd,integrated,True,14.0,1920,1200,windows,1.0,512,2304000,161.72539083525606
microsoft,97490,60,intel,core i5,10,12,16,SSD,256,No secondary storage,0,intel,integrated,True,12.4,1536,1024,windows,1.0,256,1572864,148.8743752449647
ultimus,22913,52,intel,core i3,2,4,8,SSD,256,No secondary storage,0,intel,integrated,False,14.1,1920,1080,windows,1.0,256,2073600,156.23455106966654
lenovo,185990,89,intel,core i9,14,20,16,SSD,1024,No secondary storage,0,nvidia,dedicated,False,16.0,3200,2000,windows,1.0,1024,6400000,235.8495283014151
dell,99480,62,intel,core i7,10,12,16,SSD,1024,No secondary storage,0,intel,integrated,True,14.0,1920,1200,windows,1.0,1024,2304000,161.72539083525606
lenovo,128990,83,amd,ryzen 7,8,16,16,SSD,512,No secondary storage,0,nvidia,dedicated,False,16.0,2560,1600,windows,1.0,512,4096000,188.67962264113208
lenovo,113990,79,amd,ryzen 7,8,16,16,SSD,512,No secondary storage,0,nvidia,dedicated,False,16.0,1920,1200,windows,1.0,512,2304000,141.50971698084905
hp,51990,67,amd,ryzen 5,6,12,8,SSD,512,No secondary storage,0,amd,dedicated,False,15.6,1920,1080,windows,1.0,512,2073600,141.21199808219862
lenovo,51990,67,intel,core i5,4,8,8,SSD,512,No secondary storage,0,nvidia,dedicated,False,15.6,1920,1080,windows,1.0,512,2073600,141.21199808219862
hp,90689,70,intel,core i7,10,12,16,SSD,512,No secondary storage,0,intel,integrated,True,14.0,1920,1080,windows,1.0,512,2073600,157.3505121487356
lenovo,69990,66,intel,core i5,8,12,16,SSD,512,No secondary storage,0,nvidia,dedicated,False,15.6,1920,1080,windows,1.0,512,2073600,141.21199808219862
lenovo,47990,56,intel,core i5,10,12,8,SSD,512,No secondary storage,0,intel,integrated,False,14.0,1920,1080,windows,3.0,512,2073600,157.3505121487356
lenovo,100190,65,intel,core i7,14,20,16,SSD,1024,No secondary storage,0,intel,integrated,False,14.5,2560,1600,windows,1.0,1024,4096000,208.198204293663
hp,40100,57,amd,ryzen 3,4,8,8,SSD,512,No secondary storage,0,amd,integrated,False,15.6,1920,1080,windows,1.0,512,2073600,141.21199808219862
lenovo,137490,83,amd,ryzen 7,8,16,16,SSD,512,No secondary storage,0,nvidia,dedicated,False,16.0,2560,1600,windows,1.0,512,4096000,188.67962264113208
lenovo,53990,69,amd,ryzen 7,8,16,16,SSD,512,No secondary storage,0,amd,integrated,False,16.0,1920,1080,windows,1.0,512,2073600,137.68169813014364
acer,42990,50,intel,core i3,5,6,8,SSD,512,No secondary storage,0,intel,integrated,False,15.6,1920,1080,windows,1.0,512,2073600,141.21199808219862
asus,28190,43,intel,celeron,2,2,8,SSD,512,No secondary storage,0,intel,integrated,False,15.6,1366,768,windows,1.0,512,1049088,100.45466986113651
fujitsu,73990,67,intel,core i7,10,12,16,SSD,512,No secondary storage,0,intel,integrated,False,13.3,1920,1080,windows,2.0,512,2073600,165.6321180513006
asus,73463,67,amd,ryzen 7,8,16,16,SSD,1024,No secondary storage,0,amd,integrated,False,15.6,1920,1080,windows,1.0,1024,2073600,141.21199808219862
asus,44990,59,intel,core i3,6,8,16,SSD,512,No secondary storage,0,intel,integrated,False,15.6,1920,1080,windows,1.0,512,2073600,141.21199808219862
asus,60379,60,intel,core i5,10,12,16,SSD,512,No secondary storage,0,intel,integrated,False,15.6,1920,1080,windows,1.0,512,2073600,141.21199808219862
hp,75890,59,intel,core i5,10,12,16,SSD,1024,No secondary storage,0,intel,integrated,False,15.6,1920,1080,windows,1.0,1024,2073600,141.21199808219862
hp,27990,51,intel,celeron,2,2,8,SSD,512,No secondary storage,0,intel,integrated,False,15.6,1366,768,windows,1.0,512,1049088,100.45466986113651
lenovo,37000,52,intel,core i3,2,4,8,SSD,512,No secondary storage,0,intel,integrated,False,15.6,1920,1080,windows,1.0,512,2073600,141.21199808219862
lenovo,88190,58,intel,core i7,10,12,16,SSD,512,No secondary storage,0,intel,integrated,True,14.0,1920,1200,windows,1.0,512,2304000,161.72539083525606
lenovo,62990,60,intel,core i7,4,8,16,SSD,512,No secondary storage,0,intel,integrated,False,15.6,1920,1080,windows,1.0,512,2073600,141.21199808219862
asus,73990,64,amd,ryzen 7,8,16,16,SSD,1024,No secondary storage,0,nvidia,dedicated,False,15.6,1920,1080,windows,1.0,1024,2073600,141.21199808219862
asus,69990,63,amd,ryzen 5,6,12,16,SSD,1024,No secondary storage,0,nvidia,dedicated,False,15.6,1920,1080,windows,1.0,1024,2073600,141.21199808219862
lenovo,66389,62,amd,ryzen 5,6,12,16,SSD,512,No secondary storage,0,amd,integrated,False,14.0,1920,1200,windows,1.0,512,2304000,161.72539083525606
hp,60999,58,intel,core i5,10,12,8,SSD,512,No secondary storage,0,intel,integrated,False,15.6,1366,768,windows,1.0,512,1049088,100.45466986113651
lenovo,71990,58,intel,core i5,12,16,16,SSD,1024,No secondary storage,0,intel,integrated,False,16.0,1920,1200,windows,1.0,1024,2304000,141.50971698084905
lenovo,61859,58,intel,core i5,8,12,16,SSD,512,No secondary storage,0,intel,integrated,False,16.0,1920,1200,windows,1.0,512,2304000,141.50971698084905
asus,98990,73,intel,core i7,10,16,16,SSD,1024,No secondary storage,0,nvidia,dedicated,False,16.0,1920,1200,windows,1.0,1024,2304000,141.50971698084905
lenovo,36990,53,intel,core i3,6,8,8,SSD,512,No secondary storage,0,intel,integrated,False,15.6,1920,1080,windows,1.0,512,2073600,141.21199808219862
dell,59990,53,intel,core i5,10,12,8,SSD,1024,No secondary storage,0,intel,integrated,False,15.6,1920,1080,windows,1.0,1024,2073600,141.21199808219862
acer,56990,72,intel,core i5,8,12,16,SSD,512,No secondary storage,0,nvidia,dedicated,False,15.6,1920,1080,windows,1.0,512,2073600,141.21199808219862
acer,52990,70,intel,core i5,8,12,8,SSD,512,No secondary storage,0,nvidia,dedicated,False,15.6,1920,1080,windows,1.0,512,2073600,141.21199808219862
asus,90990,64,intel,core i7,14,20,16,SSD,1024,No secondary storage,0,nvidia,dedicated,False,15.6,1920,1080,windows,1.0,1024,2073600,141.21199808219862
asus,114990,72,intel,core i7,10,16,16,SSD,512,No secondary storage,0,nvidia,dedicated,False,16.0,1920,1200,windows,1.0,512,2304000,141.50971698084905
asus,16990,37,intel,celeron,2,2,4,SSD,64,No secondary storage,0,intel,integrated,False,14.0,1920,1080,chrome,1.0,64,2073600,157.3505121487356
asus,25751,41,intel,celeron,2,2,4,SSD,64,No secondary storage,0,intel,integrated,True,14.0,1920,1080,chrome,1.0,64,2073600,157.3505121487356
asus,18990,37,intel,celeron,2,2,4,SSD,128,No secondary storage,0,intel,integrated,False,14.0,1920,1080,chrome,1.0,128,2073600,157.3505121487356
asus,44639,57,intel,core i3,6,8,8,SSD,512,No secondary storage,0,intel,integrated,False,16.0,1920,1200,windows,1.0,512,2304000,141.50971698084905
hp,44490,62,intel,core i3,6,8,8,SSD,512,No secondary storage,0,intel,integrated,False,15.6,1366,768,windows,1.0,512,1049088,100.45466986113651
asus,22991,37,intel,celeron,2,2,8,SSD,64,No secondary storage,0,intel,integrated,False,15.6,1920,1080,chrome,1.0,64,2073600,141.21199808219862
gigabyte,89990,73,intel,core i5,12,16,8,SSD,512,No secondary storage,0,nvidia,dedicated,False,15.6,1920,1080,windows,2.0,512,2073600,141.21199808219862
lenovo,62190,63,intel,core i5,8,12,16,SSD,512,No secondary storage,0,intel,integrated,False,16.0,1920,1200,windows,1.0,512,2304000,141.50971698084905
asus,98468,72,intel,core i7,10,16,16,SSD,512,No secondary storage,0,nvidia,dedicated,False,16.0,1920,1200,windows,1.0,512,2304000,141.50971698084905
lenovo,58990,58,intel,core i3,6,8,8,SSD,512,No secondary storage,0,intel,integrated,True,14.0,1920,1200,windows,1.0,512,2304000,161.72539083525606
lenovo,60190,59,intel,core i5,8,12,16,SSD,512,No secondary storage,0,intel,integrated,False,14.0,1920,1080,windows,1.0,512,2073600,157.3505121487356
fujitsu,73990,65,intel,core i5,10,12,16,SSD,512,No secondary storage,0,intel,integrated,False,14.0,1920,1200,windows,2.0,512,2304000,161.72539083525606
lenovo,64190,69,amd,ryzen 7,8,16,16,SSD,512,No secondary storage,0,amd,integrated,False,14.0,1920,1200,windows,1.0,512,2304000,161.72539083525606
lenovo,41990,58,amd,ryzen 5,4,8,8,SSD,512,No secondary storage,0,amd,integrated,False,15.6,1920,1080,windows,1.0,512,2073600,141.21199808219862
lenovo,44990,60,amd,ryzen 5,4,8,16,SSD,512,No secondary storage,0,amd,integrated,False,15.6,1920,1080,windows,1.0,512,2073600,141.21199808219862
lenovo,45490,56,intel,core i5,10,12,8,SSD,512,No secondary storage,0,intel,integrated,False,15.6,1920,1080,dos,1.0,512,2073600,141.21199808219862
asus,75990,65,intel,core i5,8,12,16,SSD,512,No secondary storage,0,nvidia,dedicated,False,16.0,1920,1200,windows,1.0,512,2304000,141.50971698084905
asus,75990,66,intel,core i5,8,12,16,SSD,512,No secondary storage,0,nvidia,dedicated,False,16.0,1920,1200,windows,1.0,512,2304000,141.50971698084905
asus,94369,70,intel,core i5,8,12,16,SSD,512,No secondary storage,0,nvidia,dedicated,False,16.0,1920,1200,windows,1.0,512,2304000,141.50971698084905
msi,62990,71,intel,core i5,6,12,16,SSD,512,No secondary storage,0,nvidia,dedicated,False,15.6,1920,1080,windows,2.0,512,2073600,141.21199808219862
lenovo,47490,65,intel,core i3,6,8,8,SSD,512,No secondary storage,0,intel,integrated,False,15.6,1920,1080,windows,1.0,512,2073600,141.21199808219862
msi,94990,76,intel,core i7,10,16,16,SSD,512,No secondary storage,0,nvidia,dedicated,False,15.6,1920,1080,windows,2.0,512,2073600,141.21199808219862
acer,36990,63,amd,ryzen 5,6,12,16,SSD,512,No secondary storage,0,amd,integrated,False,14.0,1366,768,windows,1.0,512,1049088,111.93520355955211
acer,41990,60,amd,ryzen 5,6,12,8,SSD,512,No secondary storage,0,amd,integrated,False,14.0,1366,768,windows,1.0,512,1049088,111.93520355955211
asus,40926,57,intel,core i3,6,8,8,SSD,512,No secondary storage,0,intel,integrated,False,15.6,1920,1080,windows,1.0,512,2073600,141.21199808219862
asus,71600,62,amd,ryzen 5,6,12,16,SSD,512,No secondary storage,0,nvidia,dedicated,False,15.6,1920,1080,windows,1.0,512,2073600,141.21199808219862
asus,33990,56,amd,ryzen 3,4,8,8,SSD,512,No secondary storage,0,amd,integrated,False,14.0,1920,1080,windows,1.0,512,2073600,157.3505121487356
hp,182990,78,amd,ryzen 9,8,16,32,SSD,1024,No secondary storage,0,nvidia,dedicated,False,16.1,2560,1440,windows,1.0,1024,3686400,182.43537640433112
dell,37490,58,intel,core i3,2,4,8,SSD,512,No secondary storage,0,intel,integrated,False,15.6,1920,1080,windows,1.0,512,2073600,141.21199808219862
dell,85990,57,intel,core i7,10,12,16,SSD,1024,No secondary storage,0,intel,integrated,False,14.0,1920,1080,windows,1.0,1024,2073600,157.3505121487356
asus,57990,69,intel,core i5,6,12,16,SSD,512,No secondary storage,0,nvidia,dedicated,False,15.6,1920,1080,windows,1.0,512,2073600,141.21199808219862
hp,58070,63,amd,ryzen 5,6,12,8,SSD,512,No secondary storage,0,nvidia,dedicated,False,15.6,1920,1080,windows,1.0,512,2073600,141.21199808219862
fujitsu,109990,76,intel,core i7,12,16,16,SSD,1024,No secondary storage,0,intel,integrated,True,14.0,1920,1200,windows,2.0,1024,2304000,161.72539083525606
hp,31990,51,amd,ryzen 3,2,4,8,SSD,512,No secondary storage,0,amd,integrated,False,15.6,1920,1080,windows,1.0,512,2073600,141.21199808219862
hp,152990,70,intel,core i7,16,24,16,SSD,512,No secondary storage,0,nvidia,dedicated,False,16.1,1920,1080,windows,1.0,512,2073600,136.82653230324834
lenovo,58850,64,intel,core i5,4,8,8,SSD,512,No secondary storage,0,nvidia,dedicated,False,15.6,1920,1080,windows,1.0,512,2073600,141.21199808219862
dell,223275,78,intel,core i9,14,20,32,SSD,1024,No secondary storage,0,nvidia,dedicated,False,15.6,1920,1080,windows,1.0,1024,2073600,141.21199808219862
asus,59990,63,amd,ryzen 5,6,12,16,SSD,512,No secondary storage,0,nvidia,dedicated,False,15.6,1920,1080,windows,1.0,512,2073600,141.21199808219862
lenovo,63990,60,intel,core i5,8,12,16,SSD,1024,No secondary storage,0,intel,integrated,False,14.0,1920,1200,windows,1.0,1024,2304000,161.72539083525606
wings,26990,51,intel,core i3,4,8,8,SSD,512,No secondary storage,0,intel,integrated,False,15.6,1080,1920,windows,1.0,512,2073600,141.21199808219862
acer,41490,45,intel,core i3,8,8,8,SSD,512,No secondary storage,0,intel,integrated,False,14.0,1920,1200,windows,1.0,512,2304000,161.72539083525606
lenovo,70190,60,intel,core i5,12,16,16,SSD,512,No secondary storage,0,intel,integrated,False,16.0,1920,1200,windows,1.0,512,2304000,141.50971698084905
lenovo,36690,60,intel,core i3,2,4,8,SSD,512,No secondary storage,0,intel,integrated,False,15.6,1920,1080,windows,1.0,512,2073600,141.21199808219862
lenovo,67190,62,intel,core i5,8,12,16,SSD,512,No secondary storage,0,intel,integrated,False,14.0,1920,1200,windows,2.0,512,2304000,161.72539083525606
infinix,44990,57,intel,core i7,10,12,16,SSD,512,No secondary storage,0,intel,integrated,False,14.0,1920,1080,windows,1.0,512,2073600,157.3505121487356
lenovo,46990,65,intel,core i5,4,8,16,SSD,512,No secondary storage,0,intel,integrated,False,15.6,1920,1080,windows,1.0,512,2073600,141.21199808219862
dell,45870,56,intel,core i3,5,6,8,SSD,1024,No secondary storage,0,intel,integrated,False,15.6,1920,1080,windows,1.0,1024,2073600,141.21199808219862
dell,38349,58,intel,core i3,2,4,8,SSD,512,No secondary storage,0,intel,integrated,False,15.6,1920,1080,windows,1.0,512,2073600,141.21199808219862
lenovo,84190,64,intel,core i7,14,20,16,SSD,512,No secondary storage,0,intel,integrated,False,16.0,1920,1080,windows,1.0,512,2073600,137.68169813014364
lenovo,86990,62,intel,core i7,10,16,16,SSD,512,No secondary storage,0,intel,integrated,False,14.0,1920,1200,windows,1.0,512,2304000,161.72539083525606
dell,98990,63,intel,core i7,12,16,16,SSD,1024,No secondary storage,0,intel,integrated,False,13.3,2560,1600,windows,1.0,1024,4096000,226.98300468106115
dell,32990,58,amd,ryzen 3,4,8,8,SSD,512,No secondary storage,0,amd,integrated,False,15.6,1920,1080,windows,1.0,512,2073600,141.21199808219862
dell,87490,62,intel,core i5,12,16,16,SSD,1024,No secondary storage,0,intel,integrated,False,13.3,2560,1600,windows,1.0,1024,4096000,226.98300468106115
dell,47990,54,amd,ryzen 5,4,8,8,SSD,1024,No secondary storage,0,amd,integrated,False,15.6,1920,1080,windows,1.0,1024,2073600,141.21199808219862
dell,77490,59,intel,core i5,10,12,8,SSD,1024,No secondary storage,0,intel,integrated,True,14.0,1920,1200,windows,1.0,1024,2304000,161.72539083525606
dell,41433,57,intel,core i3,5,6,8,SSD,512,No secondary storage,0,intel,integrated,False,14.0,1920,1080,windows,1.0,512,2073600,157.3505121487356
hp,74950,71,amd,ryzen 5,6,12,16,SSD,512,No secondary storage,0,nvidia,dedicated,False,15.6,1920,1080,windows,1.0,512,2073600,141.21199808219862
dell,87290,60,intel,core i5,10,12,16,SSD,1024,No secondary storage,0,intel,integrated,True,14.0,1920,1200,windows,1.0,1024,2304000,161.72539083525606
dell,60490,63,intel,core i5,10,12,8,SSD,512,No secondary storage,0,intel,integrated,False,14.0,1920,1080,windows,1.0,512,2073600,157.3505121487356
lenovo,77990,60,intel,core i5,12,16,16,SSD,512,No secondary storage,0,intel,integrated,False,14.0,1920,1200,windows,1.0,512,2304000,161.72539083525606
asus,89990,76,intel,core i7,14,20,16,SSD,1024,No secondary storage,0,nvidia,dedicated,False,15.6,1920,1080,windows,1.0,1024,2073600,141.21199808219862
msi,96990,76,intel,core i7,10,16,16,SSD,1024,No secondary storage,0,nvidia,dedicated,False,15.6,1920,1080,windows,1.0,1024,2073600,141.21199808219862
msi,104990,77,intel,core i7,10,16,16,SSD,512,No secondary storage,0,nvidia,dedicated,False,15.6,1920,1080,windows,2.0,512,2073600,141.21199808219862
msi,149990,79,intel,core i7,10,16,16,SSD,1024,No secondary storage,0,nvidia,dedicated,False,17.3,1920,1080,windows,2.0,1024,2073600,127.33567457123111
msi,149990,76,intel,core i7,14,20,8,SSD,1024,No secondary storage,0,nvidia,dedicated,False,17.3,2560,1440,windows,2.0,1024,3686400,169.78089942830815
msi,114990,77,intel,core i7,10,16,8,SSD,1024,No secondary storage,0,nvidia,dedicated,False,17.3,1920,1080,windows,2.0,1024,2073600,127.33567457123111
msi,55990,69,intel,core i5,6,12,8,SSD,512,No secondary storage,0,nvidia,dedicated,False,15.6,1920,1080,windows,2.0,512,2073600,141.21199808219862
msi,58990,71,intel,core i5,6,12,16,SSD,512,No secondary storage,0,nvidia,dedicated,False,15.6,1920,1080,windows,2.0,512,2073600,141.21199808219862
msi,55990,70,intel,core i5,6,12,16,SSD,512,No secondary storage,0,nvidia,dedicated,False,15.6,1920,1080,windows,2.0,512,2073600,141.21199808219862
msi,199990,83,intel,core i9,14,20,16,SSD,1024,No secondary storage,0,nvidia,dedicated,False,17.3,1920,1080,windows,2.0,1024,2073600,127.33567457123111
hp,119400,72,intel,core i7,14,20,16,SSD,512,No secondary storage,0,nvidia,dedicated,False,15.6,1920,1080,windows,1.0,512,2073600,141.21199808219862
hp,99999,71,intel,core i5,12,16,16,SSD,512,No secondary storage,0,nvidia,dedicated,False,15.6,1920,1080,windows,1.0,512,2073600,141.21199808219862
lenovo,37500,59,intel,core i3,2,4,8,SSD,512,No secondary storage,0,intel,integrated,False,15.6,1920,1080,windows,1.0,512,2073600,141.21199808219862
hp,239299,86,intel,core i9,24,32,32,SSD,1024,No secondary storage,0,nvidia,dedicated,False,16.1,2560,1600,windows,1.0,1024,4096000,187.50769951913745
hp,132599,75,intel,core i5,14,20,16,SSD,512,No secondary storage,0,nvidia,dedicated,False,16.1,1920,1080,windows,1.0,512,2073600,136.82653230324834
hp,50999,67,amd,ryzen 5,6,12,8,SSD,512,No secondary storage,0,amd,dedicated,False,15.6,1920,1080,windows,1.0,512,2073600,141.21199808219862
asus,37588,59,intel,core i3,6,8,8,SSD,512,No secondary storage,0,intel,integrated,False,14.0,1920,1080,windows,1.0,512,2073600,157.3505121487356
asus,36990,57,intel,core i3,6,8,8,SSD,512,No secondary storage,0,intel,integrated,False,15.6,1920,1080,windows,1.0,512,2073600,141.21199808219862
lenovo,58990,64,amd,ryzen 5,6,12,16,SSD,512,No secondary storage,0,amd,integrated,False,14.0,1920,1200,windows,1.0,512,2304000,161.72539083525606
hp,105036,67,intel,core i7,10,12,16,SSD,512,No secondary storage,0,intel,integrated,True,13.3,2880,1800,windows,1.0,512,5184000,255.35588026619376
lenovo,43990,58,amd,ryzen 5,4,8,16,SSD,512,No secondary storage,0,amd,integrated,False,15.6,1920,1080,windows,1.0,512,2073600,141.21199808219862
hp,101800,72,intel,core i5,8,12,16,SSD,512,No secondary storage,0,nvidia,dedicated,False,16.1,1920,1080,windows,1.0,512,2073600,136.82653230324834
asus,94990,72,intel,core i7,10,16,16,SSD,512,No secondary storage,0,nvidia,dedicated,False,16.0,1920,1200,windows,1.0,512,2304000,141.50971698084905
asus,69990,66,amd,ryzen 5,6,12,16,SSD,512,No secondary storage,0,nvidia,dedicated,False,15.6,1920,1080,windows,1.0,512,2073600,141.21199808219862
acer,159990,79,intel,core i9,24,32,16,SSD,1024,No secondary storage,0,nvidia,dedicated,False,16.0,2560,1600,windows,1.0,1024,4096000,188.67962264113208
asus,72990,72,amd,ryzen 7,8,16,16,SSD,512,No secondary storage,0,nvidia,dedicated,False,15.6,1920,1080,windows,1.0,512,2073600,141.21199808219862
msi,119990,73,intel,core i7,14,20,16,SSD,1024,No secondary storage,0,nvidia,dedicated,False,16.0,2560,1600,windows,2.0,1024,4096000,188.67962264113208
hp,56490,70,amd,ryzen 5,6,12,16,SSD,512,No secondary storage,0,amd,dedicated,False,15.6,1920,1080,windows,1.0,512,2073600,141.21199808219862
dell,37281,58,intel,core i3,2,4,8,SSD,512,No secondary storage,0,intel,integrated,False,15.6,1920,1080,windows,1.0,512,2073600,141.21199808219862
lenovo,69494,60,intel,core i5,8,12,16,SSD,512,No secondary storage,0,intel,integrated,False,14.0,1920,1200,windows,2.0,512,2304000,161.72539083525606
asus,32790,54,intel,core i3,2,4,8,SSD,512,No secondary storage,0,intel,integrated,False,15.6,1920,1080,windows,1.0,512,2073600,141.21199808219862
lenovo,97990,72,intel,core i5,8,12,16,SSD,512,No secondary storage,0,nvidia,dedicated,False,15.6,1920,1080,windows,1.0,512,2073600,141.21199808219862
hp,78100,67,intel,core i5,10,12,16,SSD,512,No secondary storage,0,intel,integrated,True,14.0,1920,1080,windows,1.0,512,2073600,157.3505121487356
lenovo,91490,71,intel,core i5,8,12,16,SSD,512,No secondary storage,0,nvidia,dedicated,False,15.6,1920,1080,windows,1.0,512,2073600,141.21199808219862
hp,36790,60,intel,core i3,2,4,8,SSD,512,No secondary storage,0,intel,integrated,False,15.6,1920,1080,windows,1.0,512,2073600,141.21199808219862
lenovo,88527,73,amd,ryzen 7,8,16,16,SSD,512,No secondary storage,0,nvidia,dedicated,False,15.6,1920,1080,windows,1.0,512,2073600,141.21199808219862
asus,59990,64,intel,core i5,10,12,16,SSD,512,No secondary storage,0,intel,integrated,False,15.6,1920,1080,windows,1.0,512,2073600,141.21199808219862
msi,299990,89,intel,core i9,24,32,32,SSD,1024,No secondary storage,0,nvidia,dedicated,False,16.0,2560,1600,windows,2.0,1024,4096000,188.67962264113208
lenovo,99990,73,amd,ryzen 7,8,16,16,SSD,512,No secondary storage,0,nvidia,dedicated,False,15.6,1920,1080,windows,1.0,512,2073600,141.21199808219862
hp,146990,77,intel,core i7,16,24,16,SSD,1024,No secondary storage,0,nvidia,dedicated,False,16.1,1920,1080,windows,1.0,1024,2073600,136.82653230324834
lenovo,109990,75,amd,ryzen 7,8,16,16,SSD,512,No secondary storage,0,nvidia,dedicated,False,15.6,1920,1080,windows,1.0,512,2073600,141.21199808219862
hp,123010,73,amd,ryzen 7,8,16,16,SSD,512,No secondary storage,0,nvidia,dedicated,False,16.0,1920,1080,windows,1.0,512,2073600,137.68169813014364
asus,25990,45,intel,celeron,2,2,4,SSD,256,No secondary storage,0,intel,integrated,False,15.6,1920,1080,windows,1.0,256,2073600,141.21199808219862
hp,139990,77,intel,core i7,16,24,16,SSD,512,No secondary storage,0,nvidia,dedicated,False,16.1,1920,1080,windows,1.0,512,2073600,136.82653230324834
acer,67499,65,intel,core i5,8,12,8,SSD,512,No secondary storage,0,nvidia,dedicated,False,15.6,1920,1080,windows,1.0,512,2073600,141.21199808219862
acer,35990,58,amd,ryzen 5,6,12,8,SSD,512,No secondary storage,0,amd,integrated,False,15.6,1920,1080,windows,1.0,512,2073600,141.21199808219862
lenovo,225190,73,intel,core i7,10,12,16,SSD,1024,No secondary storage,0,intel,integrated,True,13.3,2880,1800,windows,3.0,1024,5184000,255.35588026619376
hp,22990,44,amd,other,2,2,4,SSD,256,No secondary storage,0,amd,integrated,False,15.6,1920,1080,windows,1.0,256,2073600,141.21199808219862
dell,84490,60,intel,core i5,12,16,16,SSD,512,No secondary storage,0,intel,integrated,False,13.3,2560,1600,windows,1.0,512,4096000,226.98300468106115
dell,257490,85,intel,core i7,14,20,16,SSD,1024,No secondary storage,0,nvidia,dedicated,True,15.6,3456,2160,windows,1.0,1024,7464960,261.2487082723367
dell,95990,63,intel,core i7,12,16,16,SSD,512,No secondary storage,0,intel,integrated,False,13.3,2560,1600,windows,1.0,512,4096000,226.98300468106115
asus,39390,57,intel,core i3,6,8,8,SSD,512,No secondary storage,0,intel,integrated,False,15.6,1920,1080,windows,1.0,512,2073600,141.21199808219862
dell,60900,65,intel,core i5,4,8,16,SSD,512,No secondary storage,0,nvidia,dedicated,False,15.6,1920,1080,windows,1.0,512,2073600,141.21199808219862
msi,81990,63,intel,core i5,12,16,16,SSD,512,No secondary storage,0,intel,integrated,False,14.0,1920,1080,windows,1.0,512,2073600,157.3505121487356
lenovo,89889,63,intel,core i7,14,20,16,SSD,512,No secondary storage,0,intel,integrated,False,16.0,1920,1200,windows,2.0,512,2304000,141.50971698084905
dell,454490,83,intel,core i9,14,20,32,SSD,2048,No secondary storage,0,nvidia,dedicated,False,16.0,3200,1800,windows,1.0,2048,5760000,229.46949688357273
dell,67890,65,amd,ryzen 7,8,16,16,SSD,512,No secondary storage,0,amd,integrated,False,14.0,1920,1080,windows,1.0,512,2073600,157.3505121487356
dell,323990,85,intel,core i9,24,32,32,SSD,1024,No secondary storage,0,nvidia,dedicated,False,16.0,3200,1800,windows,1.0,1024,5760000,229.46949688357273
dell,188990,80,amd,ryzen 7,8,16,16,SSD,1024,No secondary storage,0,nvidia,dedicated,False,16.0,1920,1200,windows,1.0,1024,2304000,141.50971698084905
msi,36990,58,intel,core i3,6,8,8,SSD,512,No secondary storage,0,intel,integrated,False,15.6,1920,1080,windows,1.0,512,2073600,141.21199808219862
msi,159427,77,intel,core i7,14,20,16,SSD,1024,No secondary storage,0,nvidia,dedicated,False,16.0,1920,1200,windows,2.0,1024,2304000,141.50971698084905
msi,89990,71,intel,core i5,12,16,16,SSD,512,No secondary storage,0,nvidia,dedicated,False,14.0,1920,1200,windows,2.0,512,2304000,161.72539083525606
dell,450990,83,intel,core i9,24,32,4,SSD,1024,No secondary storage,0,nvidia,dedicated,False,18.0,3200,1800,windows,1.0,1024,5760000,203.9728861187313
hp,43735,56,intel,core i3,6,8,8,SSD,1024,No secondary storage,0,intel,integrated,False,15.6,1920,1080,windows,1.0,1024,2073600,141.21199808219862
lenovo,74990,69,amd,ryzen 5,6,12,16,SSD,512,No secondary storage,0,amd,integrated,True,13.3,1920,1200,windows,3.0,512,2304000,170.23725351079585
asus,64990,72,intel,core i5,8,12,16,SSD,512,No secondary storage,0,nvidia,dedicated,False,16.0,1920,1200,windows,1.0,512,2304000,141.50971698084905
asus,89000,75,intel,core i7,10,16,16,SSD,512,No secondary storage,0,nvidia,dedicated,False,16.0,1920,1200,windows,1.0,512,2304000,141.50971698084905
lenovo,64990,72,amd,ryzen 7,8,16,16,SSD,512,No secondary storage,0,amd,integrated,True,14.0,1920,1200,windows,1.0,512,2304000,161.72539083525606
hp,43400,57,intel,core i3,6,8,16,SSD,512,No secondary storage,0,intel,integrated,False,15.6,1920,1080,windows,1.0,512,2073600,141.21199808219862
lenovo,40590,57,amd,ryzen 5,4,8,8,SSD,512,No secondary storage,0,amd,integrated,False,15.6,1920,1080,windows,1.0,512,2073600,141.21199808219862
asus,70000,70,amd,ryzen 5,6,12,16,SSD,512,No secondary storage,0,nvidia,dedicated,False,15.6,1920,1080,windows,1.0,512,2073600,141.21199808219862
asus,141989,82,intel,core i7,14,20,16,SSD,1024,No secondary storage,0,nvidia,dedicated,False,16.0,2560,1600,windows,1.0,1024,4096000,188.67962264113208
lg,98999,67,intel,core i5,12,16,16,SSD,512,No secondary storage,0,intel,integrated,False,14.0,1200,1920,windows,1.0,512,2304000,161.72539083525606
dell,299990,89,amd,ryzen 9,12,24,32,SSD,2048,No secondary storage,0,nvidia,dedicated,False,16.0,1920,1200,windows,1.0,2048,2304000,141.50971698084905
acer,129990,80,amd,ryzen 7,8,16,16,SSD,512,No secondary storage,0,nvidia,dedicated,False,16.0,1920,1200,windows,1.0,512,2304000,141.50971698084905
lenovo,65990,69,amd,ryzen 5,6,12,16,SSD,512,No secondary storage,0,amd,integrated,True,14.0,1920,1200,windows,1.0,512,2304000,161.72539083525606
acer,75499,59,intel,core i7,10,12,8,SSD,512,No secondary storage,0,nvidia,dedicated,False,15.6,1920,1080,windows,1.0,512,2073600,141.21199808219862
hp,25990,44,intel,celeron,4,4,4,HDD,64,No secondary storage,0,intel,integrated,True,14.0,1366,768,chrome,1.0,64,1049088,111.93520355955211
asus,76600,72,amd,ryzen 7,8,16,16,SSD,512,No secondary storage,0,nvidia,dedicated,False,15.6,1920,1080,windows,1.0,512,2073600,141.21199808219862
hp,126800,69,intel,core i5,10,12,16,SSD,1024,No secondary storage,0,nvidia,dedicated,False,16.0,1920,1200,windows,1.0,1024,2304000,141.50971698084905
fujitsu,99990,73,intel,core i7,12,16,16,SSD,512,No secondary storage,0,intel,integrated,False,14.0,1920,1200,windows,2.0,512,2304000,161.72539083525606
hp,133269,69,intel,core i7,10,12,16,SSD,512,No secondary storage,0,nvidia,dedicated,False,16.0,1920,1200,windows,1.0,512,2304000,141.50971698084905
acer,41990,64,intel,core i5,4,8,16,SSD,512,No secondary storage,0,intel,integrated,False,15.6,1920,1080,windows,1.0,512,2073600,141.21199808219862
hp,32990,46,intel,pentium,4,4,8,SSD,512,No secondary storage,0,intel,integrated,False,15.6,1366,768,windows,1.0,512,1049088,100.45466986113651
hp,120449,67,intel,core i5,10,12,16,SSD,512,No secondary storage,0,nvidia,dedicated,False,16.0,1920,1200,windows,1.0,512,2304000,141.50971698084905
asus,129990,71,amd,ryzen 7,8,16,16,SSD,512,No secondary storage,0,nvidia,dedicated,False,14.0,2560,1600,windows,1.0,512,4096000,215.6338544470081
lg,78299,72,amd,ryzen 5,6,12,16,SSD,512,No secondary storage,0,amd,integrated,True,16.0,1920,1200,windows,1.0,512,2304000,141.50971698084905
hp,230060,80,intel,core i7,14,20,16,SSD,1024,No secondary storage,0,nvidia,dedicated,False,16.0,1920,1200,windows,1.0,1024,2304000,141.50971698084905
lenovo,24190,38,intel,celeron,2,2,4,SSD,256,No secondary storage,0,intel,integrated,False,11.6,1366,768,windows,1.0,256,1049088,135.0942111925629
lg,152499,78,intel,core i7,12,16,16,SSD,1024,No secondary storage,0,intel,integrated,True,16.0,1600,2560,windows,1.0,1024,4096000,188.67962264113208
hp,50990,38,intel,core i3,8,8,8,SSD,256,No secondary storage,0,intel,integrated,False,15.6,1366,768,chrome,1.0,256,1049088,100.45466986113651
lg,117899,69,intel,core i7,12,16,16,SSD,512,No secondary storage,0,intel,integrated,False,14.0,1200,1920,windows,1.0,512,2304000,161.72539083525606
acer,71990,70,intel,core i5,8,12,16,SSD,512,No secondary storage,0,nvidia,dedicated,False,15.6,1920,1080,windows,1.0,512,2073600,141.21199808219862
asus,63990,65,intel,core i5,10,12,16,SSD,512,No secondary storage,0,intel,integrated,False,15.6,1920,1080,windows,1.0,512,2073600,141.21199808219862
walker,15990,37,intel,celeron,2,2,4,SSD,128,No secondary storage,0,intel,integrated,False,14.1,1920,1080,windows,1.0,128,2073600,156.23455106966654
hp,23999,52,amd,ryzen 3,2,4,8,SSD,512,No secondary storage,0,amd,integrated,False,15.6,1366,768,dos,1.0,512,1049088,100.45466986113651
dell,65500,60,intel,core i5,10,12,8,SSD,1024,No secondary storage,0,intel,integrated,False,14.0,1920,1200,windows,1.0,1024,2304000,161.72539083525606
dell,73990,63,intel,core i5,10,12,16,SSD,1024,No secondary storage,0,intel,integrated,False,14.0,1920,1200,windows,1.0,1024,2304000,161.72539083525606
hp,97999,73,intel,core i5,8,12,16,SSD,512,No secondary storage,0,nvidia,dedicated,False,16.1,2560,1440,windows,1.0,512,3686400,182.43537640433112
lenovo,52990,62,intel,core i5,10,12,8,SSD,512,No secondary storage,0,intel,integrated,False,14.0,1920,1080,windows,2.0,512,2073600,157.3505121487356
lenovo,62990,65,amd,ryzen 5,6,12,8,SSD,512,No secondary storage,0,nvidia,dedicated,False,15.6,1920,1080,windows,1.0,512,2073600,141.21199808219862
msi,73990,65,intel,core i5,8,12,16,SSD,512,No secondary storage,0,nvidia,dedicated,False,15.6,1920,1080,windows,2.0,512,2073600,141.21199808219862
lenovo,32899,59,amd,ryzen 3,4,8,8,SSD,512,No secondary storage,0,amd,integrated,False,15.6,1920,1080,dos,1.0,512,2073600,141.21199808219862
lenovo,24990,50,intel,celeron,2,2,8,SSD,256,No secondary storage,0,intel,integrated,False,14.0,1366,768,windows,1.0,256,1049088,111.93520355955211
msi,47990,67,intel,core i5,6,12,8,SSD,512,No secondary storage,0,nvidia,dedicated,False,15.6,1920,1080,windows,2.0,512,2073600,141.21199808219862
asus,73990,60,intel,core i5,10,12,16,SSD,512,No secondary storage,0,intel,integrated,False,15.6,1920,1080,windows,1.0,512,2073600,141.21199808219862
asus,99990,75,intel,core i5,8,12,16,SSD,512,No secondary storage,0,nvidia,dedicated,False,16.0,1920,1200,windows,1.0,512,2304000,141.50971698084905
lenovo,52990,70,intel,core i5,4,8,16,SSD,512,No secondary storage,0,nvidia,dedicated,False,15.6,1920,1080,windows,1.0,512,2073600,141.21199808219862
asus,61990,64,intel,core i5,10,12,16,SSD,512,No secondary storage,0,intel,integrated,False,15.6,1920,1080,windows,1.0,512,2073600,141.21199808219862
lenovo,69345,62,amd,ryzen 5,6,12,8,SSD,512,No secondary storage,0,amd,integrated,False,14.0,1920,1200,windows,1.0,512,2304000,161.72539083525606
lenovo,44990,58,intel,core i3,5,6,8,SSD,512,No secondary storage,0,intel,integrated,False,15.6,1920,1080,windows,1.0,512,2073600,141.21199808219862
hp,96590,66,intel,core i5,10,12,16,SSD,512,No secondary storage,0,intel,integrated,True,15.6,1920,1080,windows,1.0,512,2073600,141.21199808219862
hp,87990,66,intel,core i5,10,12,16,SSD,512,No secondary storage,0,intel,integrated,True,15.6,1920,1080,windows,1.0,512,2073600,141.21199808219862
hp,86690,66,amd,ryzen 5,6,12,16,SSD,512,No secondary storage,0,amd,integrated,True,15.6,1920,1080,windows,1.0,512,2073600,141.21199808219862
hp,87690,70,amd,ryzen 7,8,16,16,SSD,512,No secondary storage,0,amd,integrated,True,15.6,1920,1080,windows,1.0,512,2073600,141.21199808219862
hp,78890,66,amd,ryzen 5,6,12,16,SSD,512,No secondary storage,0,amd,integrated,True,15.6,1920,1080,windows,1.0,512,2073600,141.21199808219862
hp,83990,72,intel,core i5,10,12,16,SSD,512,No secondary storage,0,intel,integrated,True,15.6,1920,1080,windows,1.0,512,2073600,141.21199808219862
hp,38990,57,amd,ryzen 3,4,8,8,SSD,512,No secondary storage,0,amd,integrated,False,14.0,1920,1080,windows,1.0,512,2073600,157.3505121487356
hp,50990,60,amd,ryzen 5,4,8,16,SSD,512,No secondary storage,0,amd,integrated,False,14.0,1920,1080,windows,1.0,512,2073600,157.3505121487356
asus,55990,60,intel,core i5,12,16,8,SSD,512,No secondary storage,0,intel,integrated,False,15.6,1920,1080,windows,1.0,512,2073600,141.21199808219862
dell,39290,60,intel,core i3,2,4,8,HDD,1024,SSD,256,intel,integrated,False,15.6,1920,1080,windows,,1280,2073600,141.21199808219862
hp,107763,71,intel,core i7,14,20,16,SSD,512,No secondary storage,0,intel,integrated,False,14.0,2880,1800,windows,1.0,512,5184000,242.5880862528841
dell,59990,56,intel,core i3,6,8,8,SSD,1024,No secondary storage,0,intel,integrated,True,14.0,1920,1200,windows,1.0,1024,2304000,161.72539083525606
lenovo,72990,69,amd,ryzen 5,6,12,16,SSD,512,No secondary storage,0,nvidia,dedicated,False,15.6,1920,1080,windows,1.0,512,2073600,141.21199808219862
lenovo,56700,64,amd,ryzen 5,6,12,16,SSD,512,No secondary storage,0,amd,integrated,False,14.0,1920,1080,windows,1.0,512,2073600,157.3505121487356
lenovo,65990,67,intel,core i5,10,12,8,SSD,512,No secondary storage,0,intel,integrated,False,15.6,1920,1080,windows,1.0,512,2073600,141.21199808219862
lenovo,53990,66,intel,core i5,10,12,8,SSD,512,No secondary storage,0,intel,integrated,False,15.6,1920,1080,windows,1.0,512,2073600,141.21199808219862
hp,78019,69,intel,core i5,12,16,16,SSD,512,No secondary storage,0,intel,integrated,False,14.0,2240,1400,windows,1.0,512,3136000,188.67962264113206
acer,30790,59,intel,core i3,2,4,8,SSD,512,No secondary storage,0,intel,integrated,False,15.6,1920,1080,windows,1.0,512,2073600,141.21199808219862
lenovo,57390,67,amd,ryzen 5,6,12,8,SSD,512,No secondary storage,0,nvidia,dedicated,False,15.6,1920,1080,windows,1.0,512,2073600,141.21199808219862
hp,115706,71,amd,ryzen 5,6,12,16,HDD,1024,SSD,512,nvidia,dedicated,False,15.6,1920,1080,windows,,1536,2073600,141.21199808219862
dell,41808,53,amd,ryzen 5,4,8,8,SSD,512,No secondary storage,0,amd,integrated,False,15.6,1920,1080,windows,1.0,512,2073600,141.21199808219862
hp,109990,69,intel,core i7,10,12,16,SSD,512,No secondary storage,0,intel,integrated,True,15.6,1920,1080,windows,1.0,512,2073600,141.21199808219862
hp,44990,58,amd,ryzen 5,4,8,8,SSD,512,No secondary storage,0,amd,integrated,False,14.0,1920,1080,windows,1.0,512,2073600,157.3505121487356
hp,47990,53,intel,core i3,6,8,8,SSD,512,No secondary storage,0,intel,integrated,False,14.0,1920,1080,windows,1.0,512,2073600,157.3505121487356
hp,52990,60,amd,ryzen 5,4,8,16,SSD,512,No secondary storage,0,amd,integrated,False,14.0,1920,1080,windows,1.0,512,2073600,157.3505121487356
hp,115990,70,intel,core i7,10,12,16,SSD,1024,No secondary storage,0,intel,integrated,True,15.6,1920,1080,windows,1.0,1024,2073600,141.21199808219862
asus,83599,72,intel,core i5,8,12,16,SSD,512,No secondary storage,0,nvidia,dedicated,False,16.0,1920,1200,windows,1.0,512,2304000,141.50971698084905
asus,139990,83,amd,ryzen 9,8,16,16,SSD,1024,No secondary storage,0,nvidia,dedicated,False,14.0,2560,1600,windows,1.0,1024,4096000,215.6338544470081
dell,87990,56,intel,core i7,10,12,16,SSD,512,No secondary storage,0,intel,integrated,False,14.0,1920,1080,windows,1.0,512,2073600,157.3505121487356
asus,58990,71,intel,core i5,6,12,8,SSD,1024,No secondary storage,0,nvidia,dedicated,False,15.6,1920,1080,windows,1.0,1024,2073600,141.21199808219862
lenovo,49990,64,amd,ryzen 7,8,16,8,SSD,512,No secondary storage,0,amd,integrated,False,15.6,1920,1080,dos,1.0,512,2073600,141.21199808219862
lenovo,60490,67,amd,ryzen 5,6,12,8,SSD,512,No secondary storage,0,nvidia,dedicated,False,15.6,1920,1080,windows,1.0,512,2073600,141.21199808219862
lenovo,35490,59,intel,core i3,2,4,8,SSD,512,No secondary storage,0,intel,integrated,False,15.6,1920,1080,windows,1.0,512,2073600,141.21199808219862
lenovo,71990,70,intel,core i5,8,12,16,SSD,512,No secondary storage,0,nvidia,dedicated,False,15.6,1920,1080,windows,1.0,512,2073600,141.21199808219862
dell,90490,67,intel,core i7,10,12,16,SSD,512,No secondary storage,0,intel,integrated,True,14.0,1920,1200,windows,1.0,512,2304000,161.72539083525606
hp,44990,58,amd,ryzen 5,4,8,8,SSD,512,No secondary storage,0,amd,integrated,False,14.0,1920,1080,windows,1.0,512,2073600,157.3505121487356
msi,111990,78,intel,core i7,10,16,16,SSD,512,No secondary storage,0,nvidia,dedicated,False,15.6,1920,1080,windows,2.0,512,2073600,141.21199808219862
lenovo,45500,57,intel,core i3,6,8,8,SSD,512,No secondary storage,0,intel,integrated,False,14.0,1920,1080,dos,1.0,512,2073600,157.3505121487356
dell,40990,58,intel,core i3,6,8,8,SSD,512,No secondary storage,0,intel,integrated,False,16.0,1920,1080,windows,1.0,512,2073600,137.68169813014364
dell,43690,52,amd,ryzen 5,6,12,8,SSD,512,No secondary storage,0,amd,integrated,False,15.6,1920,1080,windows,1.0,512,2073600,141.21199808219862
lenovo,49999,62,intel,core i3,6,8,8,SSD,512,No secondary storage,0,intel,integrated,False,14.0,1920,1080,windows,1.0,512,2073600,157.3505121487356
lenovo,66199,62,intel,core i5,10,12,8,SSD,512,No secondary storage,0,intel,integrated,False,14.0,1920,1080,dos,1.0,512,2073600,157.3505121487356
acer,29980,50,intel,core i3,8,8,8,SSD,256,No secondary storage,0,intel,integrated,False,15.6,1920,1080,windows,1.0,256,2073600,141.21199808219862
dell,55990,60,amd,ryzen 5,6,12,8,SSD,512,No secondary storage,0,amd,integrated,False,16.0,1920,1200,windows,1.0,512,2304000,141.50971698084905
acer,29490,57,amd,ryzen 3,4,8,8,SSD,512,No secondary storage,0,amd,integrated,False,15.6,1920,1080,windows,1.0,512,2073600,141.21199808219862
lenovo,33490,57,amd,ryzen 3,4,8,8,SSD,512,No secondary storage,0,amd,integrated,False,15.6,1920,1080,windows,1.0,512,2073600,141.21199808219862
hp,53699,62,intel,core i5,4,8,8,SSD,512,No secondary storage,0,intel,integrated,False,14.0,1920,1080,windows,1.0,512,2073600,157.3505121487356
acer,42990,50,intel,core i3,6,8,8,SSD,512,No secondary storage,0,intel,integrated,False,15.6,1920,1080,windows,1.0,512,2073600,141.21199808219862
msi,57990,67,amd,ryzen 5,6,12,16,SSD,512,No secondary storage,0,nvidia,dedicated,False,15.6,1920,1080,windows,2.0,512,2073600,141.21199808219862
msi,54990,65,amd,ryzen 5,6,12,8,SSD,512,No secondary storage,0,nvidia,dedicated,False,15.6,1920,1080,windows,2.0,512,2073600,141.21199808219862
dell,47990,60,intel,core i5,4,8,8,SSD,512,No secondary storage,0,intel,integrated,False,14.0,1366,768,ubuntu,1.0,512,1049088,111.93520355955211
msi,104990,78,amd,ryzen 7,8,16,16,SSD,1024,No secondary storage,0,nvidia,dedicated,False,15.6,1920,1080,windows,1.0,1024,2073600,141.21199808219862
msi,74990,69,amd,ryzen 5,6,12,16,SSD,512,No secondary storage,0,nvidia,dedicated,False,15.6,1920,1080,windows,2.0,512,2073600,141.21199808219862
msi,94990,77,amd,ryzen 7,8,16,16,SSD,1024,No secondary storage,0,nvidia,dedicated,False,15.6,1920,1080,windows,1.0,1024,2073600,141.21199808219862
acer,40990,60,intel,core i5,4,8,16,SSD,512,No secondary storage,0,intel,integrated,False,14.0,1920,1080,windows,1.0,512,2073600,157.3505121487356
msi,50990,66,intel,core i5,6,12,8,SSD,512,No secondary storage,0,nvidia,dedicated,False,15.6,1920,1080,windows,2.0,512,2073600,141.21199808219862
asus,47980,59,intel,core i5,10,12,8,SSD,512,No secondary storage,0,intel,integrated,False,15.6,1920,1080,windows,1.0,512,2073600,141.21199808219862
msi,94990,77,amd,ryzen 7,8,16,16,SSD,1024,No secondary storage,0,nvidia,dedicated,False,17.3,1920,1080,windows,1.0,1024,2073600,127.33567457123111
msi,84990,75,amd,ryzen 5,6,12,16,SSD,512,No secondary storage,0,nvidia,dedicated,False,15.6,1920,1080,windows,1.0,512,2073600,141.21199808219862
hp,38990,63,intel,core i3,6,8,8,SSD,512,No secondary storage,0,amd,integrated,False,15.6,1366,768,windows,1.0,512,1049088,100.45466986113651
dell,79690,70,intel,core i5,12,16,16,SSD,512,No secondary storage,0,nvidia,dedicated,False,16.0,1920,1080,windows,1.0,512,2073600,137.68169813014364
msi,60990,63,intel,core i7,10,12,8,SSD,512,No secondary storage,0,intel,integrated,False,14.0,1920,1080,windows,1.0,512,2073600,157.3505121487356
msi,51990,70,intel,core i5,6,12,8,SSD,512,No secondary storage,0,nvidia,dedicated,False,15.6,1920,1080,windows,2.0,512,2073600,141.21199808219862
dell,279490,88,intel,core i7,14,20,32,SSD,1024,No secondary storage,0,nvidia,dedicated,True,15.6,3456,2160,windows,1.0,1024,7464960,261.2487082723367
dell,201990,82,intel,core i7,12,16,32,SSD,1024,No secondary storage,0,intel,integrated,True,13.4,3840,2400,windows,1.0,1024,9216000,337.93365249157983
lenovo,67000,63,intel,core i5,10,12,8,SSD,512,No secondary storage,0,intel,integrated,False,14.0,1920,1080,dos,1.0,512,2073600,157.3505121487356
lenovo,125000,75,intel,core i7,10,12,16,SSD,512,No secondary storage,0,intel,integrated,False,14.0,1920,1080,windows,1.0,512,2073600,157.3505121487356
lg,89799,75,amd,ryzen 7,8,16,16,SSD,512,No secondary storage,0,amd,integrated,True,16.0,1920,1200,windows,1.0,512,2304000,141.50971698084905
lg,150999,72,intel,core i7,12,16,16,SSD,512,No secondary storage,0,intel,integrated,False,14.0,2880,1800,windows,1.0,512,5184000,242.5880862528841
hp,131316,72,amd,ryzen 7,8,16,16,SSD,1024,No secondary storage,0,nvidia,dedicated,False,15.6,1920,1080,windows,1.0,1024,2073600,141.21199808219862
lenovo,75499,62,intel,core i5,10,12,16,SSD,1024,No secondary storage,0,intel,integrated,False,14.0,1920,1080,windows,1.0,1024,2073600,157.3505121487356
axl,17990,38,intel,celeron,2,2,4,SSD,256,No secondary storage,0,intel,integrated,False,15.6,1920,1080,windows,1.0,256,2073600,141.21199808219862
msi,52990,65,amd,ryzen 7,8,16,16,SSD,512,No secondary storage,0,amd,integrated,False,14.0,1920,1080,windows,1.0,512,2073600,157.3505121487356
axl,14990,37,intel,celeron,2,2,4,SSD,128,No secondary storage,0,intel,integrated,False,14.1,1920,1080,windows,1.0,128,2073600,156.23455106966654
dell,40890,54,amd,ryzen 5,6,12,8,SSD,512,No secondary storage,0,amd,integrated,False,15.6,1920,1080,windows,1.0,512,2073600,141.21199808219862
lenovo,40990,57,amd,ryzen 5,6,12,8,SSD,512,No secondary storage,0,amd,integrated,False,15.6,1920,1080,dos,1.0,512,2073600,141.21199808219862
asus,69990,69,intel,core i5,8,12,16,SSD,512,No secondary storage,0,nvidia,dedicated,False,14.0,1920,1200,windows,1.0,512,2304000,161.72539083525606
lenovo,46990,57,intel,core i5,10,12,8,SSD,512,No secondary storage,0,intel,integrated,False,14.0,1920,1080,windows,1.0,512,2073600,157.3505121487356
hp,65100,66,amd,ryzen 7,8,16,16,SSD,512,No secondary storage,0,amd,integrated,False,15.6,1920,1080,windows,1.0,512,2073600,141.21199808219862
lenovo,38171,59,amd,ryzen 5,6,12,8,SSD,512,No secondary storage,0,amd,integrated,False,15.6,1920,1080,windows,1.0,512,2073600,141.21199808219862
asus,64990,64,amd,ryzen 7,8,16,16,SSD,512,No secondary storage,0,nvidia,dedicated,False,15.6,1920,1080,windows,1.0,512,2073600,141.21199808219862
dell,205490,72,intel,core i7,10,16,16,SSD,1024,No secondary storage,0,nvidia,dedicated,False,14.0,2560,1600,windows,1.0,1024,4096000,215.6338544470081
asus,95300,66,intel,core i5,12,16,16,SSD,1024,No secondary storage,0,intel,integrated,False,15.6,2880,1620,windows,1.0,1024,4665600,211.81799712329794
asus,35083,53,intel,core i3,2,4,8,SSD,512,No secondary storage,0,intel,integrated,False,15.6,1920,1080,windows,1.0,512,2073600,141.21199808219862
acer,54990,69,intel,core i5,8,12,16,SSD,512,No secondary storage,0,nvidia,dedicated,False,15.6,1920,1080,windows,1.0,512,2073600,141.21199808219862
lenovo,27990,54,amd,ryzen 3,4,8,8,SSD,512,No secondary storage,0,amd,integrated,False,15.6,1920,1080,dos,1.0,512,2073600,141.21199808219862
lenovo,73900,64,intel,core i5,4,8,16,SSD,512,No secondary storage,0,intel,integrated,False,14.0,1920,1080,windows,3.0,512,2073600,157.3505121487356
lenovo,34990,53,intel,core i3,6,8,8,SSD,512,No secondary storage,0,intel,integrated,False,15.6,1920,1080,windows,1.0,512,2073600,141.21199808219862
lenovo,34990,54,intel,core i3,6,8,8,SSD,512,No secondary storage,0,intel,integrated,False,14.0,1920,1080,windows,1.0,512,2073600,157.3505121487356
lenovo,46900,56,intel,core i5,10,12,8,SSD,512,No secondary storage,0,intel,integrated,False,15.6,1920,1080,windows,1.0,512,2073600,141.21199808219862
lenovo,29990,59,amd,ryzen 3,4,8,8,SSD,512,No secondary storage,0,amd,integrated,False,15.6,1920,1080,windows,1.0,512,2073600,141.21199808219862
lenovo,46490,57,intel,core i5,10,12,8,SSD,512,No secondary storage,0,intel,integrated,False,14.0,1920,1080,windows,1.0,512,2073600,157.3505121487356
dell,94900,71,intel,core i7,12,16,16,SSD,512,No secondary storage,0,intel,integrated,False,16.0,2560,1600,windows,1.0,512,4096000,188.67962264113208
lenovo,52101,66,intel,core i7,4,8,16,SSD,512,No secondary storage,0,intel,integrated,False,15.6,1920,1080,windows,1.0,512,2073600,141.21199808219862
hp,58499,71,intel,core i5,6,12,8,SSD,512,No secondary storage,0,nvidia,dedicated,False,16.1,1920,1080,windows,1.0,512,2073600,136.82653230324834
lenovo,74889,64,intel,core i7,4,8,16,SSD,512,No secondary storage,0,nvidia,dedicated,False,15.6,1920,1080,windows,1.0,512,2073600,141.21199808219862
dell,61990,56,intel,core i5,10,12,8,SSD,512,No secondary storage,0,intel,integrated,False,15.6,1920,1080,windows,1.0,512,2073600,141.21199808219862
hp,28750,49,amd,other,2,2,8,SSD,512,No secondary storage,0,amd,integrated,False,15.6,1366,768,windows,1.0,512,1049088,100.45466986113651
dell,157990,78,intel,core i7,14,20,16,SSD,1024,No secondary storage,0,nvidia,dedicated,False,16.0,2560,1600,windows,1.0,1024,4096000,188.67962264113208
dell,166490,82,intel,core i7,14,20,32,SSD,1024,No secondary storage,0,nvidia,dedicated,False,16.0,2560,1600,windows,1.0,1024,4096000,188.67962264113208
dell,99490,59,intel,core i7,10,12,16,SSD,512,No secondary storage,0,intel,integrated,True,14.0,1920,1200,windows,1.0,512,2304000,161.72539083525606
dell,80020,58,intel,core i5,10,12,16,SSD,512,No secondary storage,0,intel,integrated,True,14.0,1920,1200,windows,1.0,512,2304000,161.72539083525606
hp,28206,50,intel,pentium,4,4,8,SSD,512,No secondary storage,0,intel,integrated,False,14.0,1366,768,windows,1.0,512,1049088,111.93520355955211
dell,42990,57,intel,core i3,5,6,8,SSD,512,No secondary storage,0,intel,integrated,False,15.6,1920,1080,windows,1.0,512,2073600,141.21199808219862
infinix,38990,58,intel,core i5,4,8,16,SSD,512,No secondary storage,0,intel,integrated,False,14.0,1920,1080,windows,1.0,512,2073600,157.3505121487356
dell,88980,56,intel,core i7,10,12,16,SSD,512,No secondary storage,0,intel,integrated,False,14.0,1920,1080,windows,1.0,512,2073600,157.3505121487356
dell,71990,52,intel,core i5,10,12,16,SSD,512,No secondary storage,0,intel,integrated,False,14.0,1920,1080,windows,1.0,512,2073600,157.3505121487356
dell,73990,57,intel,core i5,10,12,8,SSD,512,No secondary storage,0,intel,integrated,True,14.0,1920,1200,windows,1.0,512,2304000,161.72539083525606
asus,27990,45,intel,celeron,2,2,8,SSD,256,No secondary storage,0,intel,integrated,False,15.6,1920,1080,windows,1.0,256,2073600,141.21199808219862
hp,73990,67,amd,ryzen 7,8,16,16,SSD,512,No secondary storage,0,nvidia,dedicated,False,15.6,1920,1080,windows,1.0,512,2073600,141.21199808219862
asus,49490,58,intel,core i5,4,8,16,SSD,512,No secondary storage,0,intel,integrated,False,15.6,1920,1080,windows,1.0,512,2073600,141.21199808219862
dell,61990,56,intel,core i5,10,12,8,SSD,512,No secondary storage,0,intel,integrated,False,14.0,1920,1080,windows,1.0,512,2073600,157.3505121487356
hp,45899,63,amd,ryzen 7,8,16,8,SSD,512,No secondary storage,0,amd,integrated,False,14.0,1920,1080,dos,1.0,512,2073600,157.3505121487356
hp,68489,65,intel,core i7,10,12,16,SSD,512,No secondary storage,0,intel,integrated,False,15.6,1920,1080,windows,1.0,512,2073600,141.21199808219862
hp,63314,67,amd,ryzen 5,6,12,16,SSD,512,No secondary storage,0,amd,dedicated,False,15.6,1920,1080,windows,1.0,512,2073600,141.21199808219862
asus,48990,63,amd,ryzen 5,6,12,8,SSD,512,No secondary storage,0,amd,integrated,False,16.0,1920,1200,windows,1.0,512,2304000,141.50971698084905
lenovo,31490,50,intel,core i3,6,8,8,SSD,512,No secondary storage,0,intel,integrated,False,14.0,1920,1080,dos,1.0,512,2073600,157.3505121487356
hp,38990,47,intel,core i3,8,8,8,SSD,512,No secondary storage,0,intel,integrated,False,14.0,1920,1080,windows,1.0,512,2073600,157.3505121487356
hp,64990,66,amd,ryzen 5,6,12,16,SSD,512,No secondary storage,0,nvidia,dedicated,False,15.6,1920,1080,windows,1.0,512,2073600,141.21199808219862
acer,32890,56,amd,ryzen 5,4,8,8,SSD,512,No secondary storage,0,amd,integrated,False,14.0,1366,768,windows,1.0,512,1049088,111.93520355955211
msi,91990,75,intel,core i7,10,16,8,SSD,512,No secondary storage,0,nvidia,dedicated,False,15.6,1920,1080,windows,2.0,512,2073600,141.21199808219862
msi,87990,75,intel,core i5,8,12,16,SSD,1024,No secondary storage,0,nvidia,dedicated,False,15.6,1920,1080,windows,2.0,1024,2073600,141.21199808219862
acer,28999,53,amd,ryzen 3,2,4,8,SSD,512,No secondary storage,0,amd,integrated,False,14.0,1366,768,windows,1.0,512,1049088,111.93520355955211
hp,29490,50,intel,celeron,2,2,8,SSD,512,No secondary storage,0,intel,integrated,False,15.0,1366,768,windows,1.0,512,1049088,104.47285665558198
hp,61990,64,amd,ryzen 5,6,12,8,SSD,512,No secondary storage,0,nvidia,dedicated,False,15.6,1920,1080,windows,1.0,512,2073600,141.21199808219862
asus,76990,64,amd,ryzen 7,8,16,16,SSD,1024,No secondary storage,0,amd,integrated,False,14.0,2880,1800,windows,1.0,1024,5184000,242.5880862528841
dell,149290,76,intel,core i7,14,16,16,SSD,512,No secondary storage,0,nvidia,dedicated,False,15.6,1920,1080,windows,1.0,512,2073600,141.21199808219862
acer,39990,51,intel,core i3,6,8,8,SSD,512,No secondary storage,0,intel,integrated,False,15.6,1920,1080,windows,1.0,512,2073600,141.21199808219862
hp,75533,66,intel,core i5,12,16,16,SSD,512,No secondary storage,0,intel,integrated,False,15.6,1920,1080,windows,1.0,512,2073600,141.21199808219862
dell,43000,52,intel,core i3,8,8,8,SSD,256,No secondary storage,0,intel,integrated,False,15.6,1920,1080,windows,1.0,256,2073600,141.21199808219862
dell,187990,79,intel,core i9,24,32,16,SSD,1024,No secondary storage,0,nvidia,dedicated,False,16.0,2560,1600,windows,1.0,1024,4096000,188.67962264113208
dell,109990,73,intel,core i7,14,16,16,SSD,512,No secondary storage,0,nvidia,dedicated,False,15.6,1920,1080,windows,1.0,512,2073600,141.21199808219862
dell,129990,75,intel,core i7,14,20,16,SSD,512,No secondary storage,0,nvidia,dedicated,False,15.6,1920,1080,windows,1.0,512,2073600,141.21199808219862
dell,81402,69,intel,core i5,10,16,8,SSD,512,No secondary storage,0,nvidia,dedicated,False,15.6,1920,1080,windows,1.0,512,2073600,141.21199808219862
acer,49990,50,intel,core i3,6,8,16,SSD,512,No secondary storage,0,intel,integrated,False,14.0,1920,1080,windows,1.0,512,2073600,157.3505121487356
acer,58269,59,intel,core i5,10,12,16,SSD,512,No secondary storage,0,intel,integrated,False,14.0,1920,1080,windows,1.0,512,2073600,157.3505121487356
acer,56490,52,intel,core i5,10,12,16,SSD,512,No secondary storage,0,intel,integrated,False,15.6,1920,1080,windows,1.0,512,2073600,141.21199808219862
acer,55900,50,intel,core i5,10,12,8,SSD,512,No secondary storage,0,intel,integrated,False,15.6,1920,1080,windows,1.0,512,2073600,141.21199808219862
hp,92070,71,intel,core i7,10,12,16,SSD,512,No secondary storage,0,intel,integrated,True,14.0,1920,1080,windows,1.0,512,2073600,157.3505121487356
asus,39990,54,intel,core i3,6,8,8,SSD,512,No secondary storage,0,intel,integrated,False,15.6,1920,1080,windows,1.0,512,2073600,141.21199808219862
msi,279990,85,intel,core i7,14,20,16,SSD,2048,No secondary storage,0,nvidia,dedicated,False,17.3,2560,1440,windows,2.0,2048,3686400,169.78089942830815
asus,104749,71,amd,ryzen 7,8,16,16,SSD,1024,No secondary storage,0,nvidia,dedicated,False,15.6,2560,1440,windows,1.0,1024,3686400,188.28266410959816
asus,126890,73,intel,core i7,14,20,16,SSD,512,No secondary storage,0,nvidia,dedicated,False,15.6,1920,1080,windows,1.0,512,2073600,141.21199808219862
asus,199990,89,amd,ryzen 9,8,16,32,SSD,1024,No secondary storage,0,nvidia,dedicated,False,14.0,2560,1600,windows,1.0,1024,4096000,215.6338544470081
asus,131990,84,amd,ryzen 9,8,16,16,SSD,1024,No secondary storage,0,nvidia,dedicated,False,15.6,1920,1080,windows,1.0,1024,2073600,141.21199808219862
asus,133890,75,intel,core i7,14,20,16,SSD,1024,No secondary storage,0,nvidia,dedicated,False,15.6,1920,1080,windows,1.0,1024,2073600,141.21199808219862
asus,154990,83,amd,ryzen 9,8,16,16,SSD,1024,No secondary storage,0,nvidia,dedicated,False,15.6,2560,1440,windows,1.0,1024,3686400,188.28266410959816
lenovo,52900,67,intel,core i5,4,8,16,SSD,512,No secondary storage,0,intel,integrated,False,15.6,1920,1080,windows,1.0,512,2073600,141.21199808219862
asus,144406,73,intel,core i5,10,16,16,SSD,1024,No secondary storage,0,nvidia,dedicated,False,16.0,1920,1200,windows,1.0,1024,2304000,141.50971698084905
asus,94990,77,amd,ryzen 7,8,16,16,SSD,512,No secondary storage,0,nvidia,dedicated,False,15.6,1920,1080,windows,1.0,512,2073600,141.21199808219862
asus,260990,89,amd,ryzen 9,8,16,32,SSD,1024,No secondary storage,0,nvidia,dedicated,False,14.0,2560,1600,windows,1.0,1024,4096000,215.6338544470081
asus,149990,76,amd,ryzen 7,8,16,16,SSD,1024,No secondary storage,0,nvidia,dedicated,False,14.0,2560,1600,windows,1.0,1024,4096000,215.6338544470081
asus,134990,80,amd,ryzen 9,8,16,16,SSD,1024,No secondary storage,0,nvidia,dedicated,False,17.3,1920,1080,windows,1.0,1024,2073600,127.33567457123111
asus,60379,67,amd,ryzen 5,6,12,16,SSD,512,No secondary storage,0,intel,integrated,False,15.6,1920,1080,windows,1.0,512,2073600,141.21199808219862
lenovo,52794,58,intel,core i5,10,12,8,SSD,512,No secondary storage,0,intel,integrated,False,15.6,1920,1080,windows,1.0,512,2073600,141.21199808219862
asus,209890,73,intel,core i9,14,20,16,SSD,1024,No secondary storage,0,nvidia,dedicated,True,13.4,2560,1600,windows,1.0,1024,4096000,225.28910166105322
asus,154990,82,intel,core i9,14,20,16,SSD,1024,No secondary storage,0,nvidia,dedicated,False,15.6,1920,1080,windows,1.0,1024,2073600,141.21199808219862
asus,69990,66,intel,core i5,12,16,16,SSD,512,No secondary storage,0,intel,integrated,False,15.6,1920,1080,windows,1.0,512,2073600,141.21199808219862
asus,84950,72,intel,core i5,8,12,16,SSD,512,No secondary storage,0,nvidia,dedicated,False,16.0,1920,1200,windows,1.0,512,2304000,141.50971698084905
hp,69990,65,intel,core i5,8,12,16,SSD,512,No secondary storage,0,nvidia,dedicated,False,15.6,1920,1080,windows,1.0,512,2073600,141.21199808219862
acer,143400,70,intel,core i7,16,24,16,SSD,512,No secondary storage,0,nvidia,dedicated,False,16.0,2560,1600,windows,1.0,512,4096000,188.67962264113208
asus,113401,75,intel,core i5,12,16,16,SSD,512,No secondary storage,0,nvidia,dedicated,False,15.6,2880,1620,windows,1.0,512,4665600,211.81799712329794
dell,225490,78,intel,core i7,10,16,32,SSD,1024,No secondary storage,0,nvidia,dedicated,False,14.0,2560,1600,windows,1.0,1024,4096000,215.6338544470081
dell,220990,83,intel,core i7,16,24,16,SSD,1024,No secondary storage,0,nvidia,dedicated,False,16.0,2560,1600,windows,1.0,1024,4096000,188.67962264113208
hp,67400,57,intel,core i5,10,12,8,SSD,512,No secondary storage,0,intel,integrated,False,15.6,1920,1080,windows,1.0,512,2073600,141.21199808219862
hp,64990,59,intel,core i5,10,12,16,SSD,512,No secondary storage,0,intel,integrated,False,15.6,1920,1080,windows,1.0,512,2073600,141.21199808219862
msi,76990,69,intel,core i5,8,12,16,HDD,1024,SSD,256,nvidia,dedicated,False,15.6,1920,1080,windows,,1280,2073600,141.21199808219862
msi,72990,71,intel,core i5,8,12,8,SSD,512,No secondary storage,0,nvidia,dedicated,False,15.6,1920,1080,windows,2.0,512,2073600,141.21199808219862
acer,58990,62,amd,ryzen 5,6,12,16,SSD,512,No secondary storage,0,amd,integrated,False,14.0,1920,1080,windows,1.0,512,2073600,157.3505121487356
hp,32990,58,amd,ryzen 3,2,4,8,SSD,512,No secondary storage,0,amd,integrated,False,15.6,1920,1080,windows,1.0,512,2073600,141.21199808219862
hp,61490,57,intel,core i5,10,12,8,SSD,512,No secondary storage,0,intel,integrated,False,15.6,1920,1080,windows,1.0,512,2073600,141.21199808219862
asus,105990,66,intel,core i7,14,20,16,SSD,512,No secondary storage,0,intel,integrated,False,15.6,2880,1620,windows,1.0,512,4665600,211.81799712329794
msi,86990,73,intel,core i5,8,12,16,HDD,1024,SSD,256,nvidia,dedicated,False,15.6,1920,1080,windows,,1280,2073600,141.21199808219862
asus,111439,76,intel,core i9,14,20,16,SSD,1024,No secondary storage,0,nvidia,dedicated,False,16.0,1920,1200,windows,1.0,1024,2304000,141.50971698084905
msi,249990,86,intel,core i7,14,20,32,SSD,1024,No secondary storage,0,nvidia,dedicated,False,16.0,2560,1600,windows,2.0,1024,4096000,188.67962264113208
asus,76619,66,intel,core i5,12,16,16,SSD,512,No secondary storage,0,nvidia,dedicated,False,14.0,1920,1200,windows,1.0,512,2304000,161.72539083525606
acer,142999,78,intel,core i7,16,24,16,SSD,1024,No secondary storage,0,nvidia,dedicated,False,16.0,2560,1600,windows,1.0,1024,4096000,188.67962264113208
asus,93999,70,intel,core i5,12,16,16,SSD,512,No secondary storage,0,nvidia,dedicated,False,14.0,2880,1800,windows,1.0,512,5184000,242.5880862528841
asus,161513,84,intel,core i9,14,20,16,SSD,1024,No secondary storage,0,nvidia,dedicated,False,15.6,2880,1620,windows,1.0,1024,4665600,211.81799712329794
asus,199990,71,intel,core i5,12,16,16,SSD,1024,No secondary storage,0,nvidia,dedicated,True,14.5,2880,1800,windows,1.0,1024,5184000,234.22297983037086
hp,118000,75,intel,core i7,10,12,16,SSD,512,No secondary storage,0,intel,integrated,False,14.0,1920,1080,windows,1.0,512,2073600,157.3505121487356
hp,79590,66,intel,core i7,12,16,16,SSD,512,No secondary storage,0,intel,integrated,False,15.6,1920,1080,windows,1.0,512,2073600,141.21199808219862
msi,63990,71,intel,core i7,8,16,16,HDD,1024,SSD,256,nvidia,dedicated,False,15.6,1920,1080,windows,,1280,2073600,141.21199808219862
asus,35990,56,intel,core i3,2,4,16,SSD,512,No secondary storage,0,intel,integrated,False,15.6,1920,1080,windows,1.0,512,2073600,141.21199808219862
hp,52990,57,intel,core i5,10,12,8,SSD,512,No secondary storage,0,intel,integrated,False,15.6,1920,1080,windows,1.0,512,2073600,141.21199808219862
lenovo,63190,67,amd,ryzen 7,8,16,8,SSD,512,No secondary storage,0,nvidia,dedicated,False,15.6,1920,1080,windows,1.0,512,2073600,141.21199808219862
lenovo,81000,71,amd,ryzen 7,8,16,16,SSD,512,No secondary storage,0,nvidia,dedicated,False,15.6,1920,1080,windows,1.0,512,2073600,141.21199808219862
acer,39990,58,intel,core i5,4,8,8,SSD,512,No secondary storage,0,intel,integrated,False,14.0,1920,1080,windows,1.0,512,2073600,157.3505121487356
dell,388490,82,intel,core i9,14,20,32,SSD,1024,No secondary storage,0,nvidia,dedicated,False,16.0,3200,1800,windows,1.0,1024,5760000,229.46949688357273
hp,40100,54,intel,core i3,6,8,8,SSD,512,No secondary storage,0,intel,integrated,False,15.6,1920,1080,windows,1.0,512,2073600,141.21199808219862
dell,368490,83,intel,core i9,14,20,32,SSD,1024,No secondary storage,0,nvidia,dedicated,False,18.0,3200,1800,windows,1.0,1024,5760000,203.9728861187313
acer,36800,47,intel,celeron,2,2,8,SSD,256,No secondary storage,0,intel,integrated,False,11.6,1366,768,windows,1.0,256,1049088,135.0942111925629
hp,46490,54,amd,ryzen 5,4,8,16,SSD,512,No secondary storage,0,amd,integrated,False,15.6,1920,1080,windows,1.0,512,2073600,141.21199808219862
acer,104999,65,intel,core i5,14,20,16,SSD,512,No secondary storage,0,nvidia,dedicated,False,16.0,2560,1600,windows,1.0,512,4096000,188.67962264113208
hp,47650,51,intel,core i3,6,8,8,SSD,512,No secondary storage,0,intel,integrated,False,15.6,1920,1080,windows,1.0,512,2073600,141.21199808219862
acer,114990,66,intel,core i7,16,24,16,SSD,512,No secondary storage,0,nvidia,dedicated,False,16.0,2560,1600,windows,1.0,512,4096000,188.67962264113208
hp,46990,51,intel,core i3,6,8,8,SSD,512,No secondary storage,0,intel,integrated,False,15.6,1920,1080,windows,1.0,512,2073600,141.21199808219862
hp,60490,54,intel,core i5,10,12,8,SSD,512,No secondary storage,0,intel,integrated,False,15.6,1920,1080,windows,1.0,512,2073600,141.21199808219862
hp,49990,67,amd,ryzen 5,6,12,8,SSD,512,No secondary storage,0,nvidia,dedicated,False,15.6,1920,1080,windows,1.0,512,2073600,141.21199808219862
hp,65590,56,intel,core i5,10,12,8,SSD,1024,No secondary storage,0,intel,integrated,False,15.6,1920,1080,windows,1.0,1024,2073600,141.21199808219862
realme,42990,62,intel,core i5,4,8,8,SSD,512,No secondary storage,0,intel,integrated,False,14.0,2160,1440,windows,1.0,512,3110400,185.42835130957658
hp,71000,67,intel,core i5,4,8,8,SSD,512,No secondary storage,0,intel,integrated,False,14.0,1366,768,windows,1.0,512,1049088,111.93520355955211
asus,30927,45,intel,celeron,2,2,8,SSD,512,No secondary storage,0,intel,integrated,False,15.6,1366,768,windows,1.0,512,1049088,100.45466986113651
dell,47990,63,intel,core i5,4,8,8,SSD,512,No secondary storage,0,intel,integrated,False,15.6,1920,1080,windows,1.0,512,2073600,141.21199808219862
asus,46288,56,intel,core i3,6,8,8,SSD,512,No secondary storage,0,intel,integrated,False,15.6,1920,1080,windows,1.0,512,2073600,141.21199808219862
asus,124990,78,intel,core i5,12,16,16,SSD,512,No secondary storage,0,nvidia,dedicated,False,16.0,3200,2000,windows,1.0,512,6400000,235.8495283014151
dell,51990,63,intel,core i5,4,8,16,SSD,512,No secondary storage,0,intel,integrated,False,14.0,1920,1080,windows,1.0,512,2073600,157.3505121487356
asus,58990,60,amd,ryzen 5,4,8,16,SSD,512,No secondary storage,0,amd,integrated,False,15.6,1920,1080,windows,1.0,512,2073600,141.21199808219862
dell,38490,59,amd,ryzen 5,6,12,8,SSD,512,No secondary storage,0,amd,integrated,False,14.0,1920,1080,windows,1.0,512,2073600,157.3505121487356
acer,44994,64,intel,core i5,4,8,8,SSD,512,No secondary storage,0,nvidia,dedicated,False,15.6,1920,1080,windows,1.0,512,2073600,141.21199808219862
acer,88990,65,amd,ryzen 5,6,12,16,SSD,1024,No secondary storage,0,nvidia,dedicated,False,15.6,2560,1440,windows,1.0,1024,3686400,188.28266410959816
msi,96990,77,intel,core i5,8,12,16,HDD,1024,SSD,256,nvidia,dedicated,False,15.6,1920,1080,windows,,1280,2073600,141.21199808219862
asus,31990,59,intel,core i3,2,4,8,SSD,512,No secondary storage,0,intel,integrated,False,14.0,1920,1080,windows,1.0,512,2073600,157.3505121487356
asus,132000,73,intel,core i7,12,16,16,SSD,512,No secondary storage,0,intel,integrated,True,14.0,2880,1800,windows,1.0,512,5184000,242.5880862528841
asus,115990,73,intel,core i7,12,16,16,SSD,512,No secondary storage,0,intel,integrated,False,14.0,2880,1800,windows,1.0,512,5184000,242.5880862528841
asus,89990,70,intel,core i5,12,16,16,SSD,512,No secondary storage,0,nvidia,dedicated,False,14.0,2880,1800,windows,1.0,512,5184000,242.5880862528841
hp,109990,71,intel,core i7,14,20,16,SSD,512,No secondary storage,0,nvidia,dedicated,False,15.6,1920,1080,windows,1.0,512,2073600,141.21199808219862
msi,81990,65,intel,core i7,4,8,16,SSD,512,No secondary storage,0,intel,integrated,True,13.4,1920,1200,windows,2.0,512,2304000,168.96682624578992
hp,52590,60,intel,core i3,6,8,8,SSD,512,No secondary storage,0,intel,integrated,False,15.6,1920,1080,windows,1.0,512,2073600,141.21199808219862
asus,91240,75,intel,core i5,12,16,16,SSD,512,No secondary storage,0,intel,integrated,True,14.0,2880,1800,windows,1.0,512,5184000,242.5880862528841
asus,62990,59,intel,core i5,10,12,16,SSD,512,No secondary storage,0,intel,integrated,False,16.0,1920,1200,windows,1.0,512,2304000,141.50971698084905
msi,69990,70,intel,core i5,4,8,16,SSD,512,No secondary storage,0,intel,integrated,True,13.4,1920,1200,windows,2.0,512,2304000,168.96682624578992
hp,64500,75,intel,core i5,6,12,16,SSD,512,No secondary storage,0,nvidia,dedicated,False,16.1,1920,1080,windows,1.0,512,2073600,136.82653230324834
asus,71938,64,intel,core i5,10,12,16,SSD,512,No secondary storage,0,intel,integrated,True,14.0,1920,1200,windows,1.0,512,2304000,161.72539083525606
hp,51990,67,amd,ryzen 5,6,12,8,SSD,512,No secondary storage,0,nvidia,dedicated,False,15.6,1920,1080,windows,1.0,512,2073600,141.21199808219862
hp,33989,56,intel,core i3,2,4,8,SSD,512,No secondary storage,0,intel,integrated,False,15.6,1366,768,windows,1.0,512,1049088,100.45466986113651
asus,39790,52,intel,core i3,6,8,8,SSD,512,No secondary storage,0,intel,integrated,False,15.6,1920,1080,windows,1.0,512,2073600,141.21199808219862
hp,119990,77,amd,ryzen 7,8,16,16,SSD,1024,No secondary storage,0,nvidia,dedicated,False,16.1,2560,1440,windows,1.0,1024,3686400,182.43537640433112
msi,260990,89,intel,core i9,24,24,32,SSD,2048,No secondary storage,0,nvidia,dedicated,False,16.0,2560,1600,windows,2.0,2048,4096000,188.67962264113208
asus,38980,48,intel,core i3,8,8,8,SSD,512,No secondary storage,0,intel,integrated,False,14.0,1920,1080,windows,1.0,512,2073600,157.3505121487356
asus,55990,59,intel,core i5,10,12,8,SSD,512,No secondary storage,0,intel,integrated,False,15.6,1920,1080,windows,1.0,512,2073600,141.21199808219862
msi,65190,65,intel,core i5,8,12,16,SSD,512,No secondary storage,0,nvidia,dedicated,False,15.6,1920,1080,windows,2.0,512,2073600,141.21199808219862
msi,72990,71,intel,core i5,6,12,16,HDD,1024,SSD,256,nvidia,dedicated,False,15.6,1920,1080,windows,,1280,2073600,141.21199808219862
acer,68990,73,amd,ryzen 5,6,12,16,SSD,512,No secondary storage,0,nvidia,dedicated,False,15.6,1920,1080,windows,1.0,512,2073600,141.21199808219862
acer,200090,74,intel,core i7,16,24,32,SSD,1024,No secondary storage,0,nvidia,dedicated,False,16.0,2560,1600,windows,1.0,1024,4096000,188.67962264113208
acer,77890,72,amd,ryzen 7,8,16,16,SSD,512,No secondary storage,0,nvidia,dedicated,False,15.6,1920,1080,windows,1.0,512,2073600,141.21199808219862
msi,219990,84,intel,core i7,14,20,32,SSD,1024,No secondary storage,0,nvidia,dedicated,False,15.6,2560,1600,windows,2.0,1024,4096000,193.5175616832124
lenovo,123271,78,intel,core i7,12,16,16,SSD,512,No secondary storage,0,nvidia,dedicated,False,14.0,1920,1080,windows,3.0,512,2073600,157.3505121487356
asus,70990,63,intel,core i5,12,16,16,SSD,1024,No secondary storage,0,intel,integrated,False,15.6,1920,1080,windows,1.0,1024,2073600,141.21199808219862
msi,215990,87,intel,core i7,16,24,32,SSD,2048,No secondary storage,0,nvidia,dedicated,False,16.0,2560,1600,windows,2.0,2048,4096000,188.67962264113208
msi,171990,80,intel,core i7,14,20,16,SSD,1024,No secondary storage,0,nvidia,dedicated,False,15.6,2560,1600,windows,2.0,1024,4096000,193.5175616832124
msi,69990,70,intel,core i5,6,12,8,HDD,1024,SSD,256,nvidia,dedicated,False,15.6,1920,1080,windows,,1280,2073600,141.21199808219862
asus,62500,56,intel,core i5,10,12,16,SSD,512,No secondary storage,0,intel,integrated,False,15.6,1920,1080,windows,1.0,512,2073600,141.21199808219862
asus,68800,62,intel,core i5,12,16,16,SSD,512,No secondary storage,0,intel,integrated,False,16.0,1920,1200,windows,1.0,512,2304000,141.50971698084905
hp,143824,75,intel,core i7,10,12,32,SSD,1024,No secondary storage,0,intel,integrated,True,13.5,3000,2000,windows,1.0,1024,6000000,267.07787225659183
asus,85990,60,intel,core i5,12,16,16,SSD,512,No secondary storage,0,intel,integrated,False,15.6,1920,1080,windows,1.0,512,2073600,141.21199808219862
asus,45990,57,intel,core i3,6,8,8,SSD,512,No secondary storage,0,intel,integrated,False,14.0,1920,1080,windows,1.0,512,2073600,157.3505121487356
asus,59990,56,intel,core i5,10,12,8,SSD,512,No secondary storage,0,intel,integrated,False,14.0,1920,1080,windows,1.0,512,2073600,157.3505121487356
asus,104990,71,intel,core i5,12,16,16,SSD,512,No secondary storage,0,intel,integrated,True,14.0,2880,1800,windows,1.0,512,5184000,242.5880862528841
asus,68390,64,intel,core i5,12,16,16,SSD,512,No secondary storage,0,intel,integrated,False,15.6,1920,1080,windows,1.0,512,2073600,141.21199808219862
asus,97990,64,intel,core i5,10,12,16,SSD,512,No secondary storage,0,intel,integrated,False,13.3,2880,1800,windows,1.0,512,5184000,255.35588026619376
asus,92990,70,intel,core i5,12,16,16,SSD,512,No secondary storage,0,intel,integrated,False,14.0,2880,1800,windows,1.0,512,5184000,242.5880862528841
asus,64990,62,intel,core i5,12,16,16,SSD,512,No secondary storage,0,intel,integrated,False,15.6,1920,1080,windows,1.0,512,2073600,141.21199808219862
asus,74990,60,intel,core i5,12,16,16,SSD,512,No secondary storage,0,intel,integrated,False,15.6,1920,1080,windows,1.0,512,2073600,141.21199808219862
asus,43990,53,intel,core i3,8,8,8,SSD,512,No secondary storage,0,intel,integrated,False,15.6,1920,1080,windows,1.0,512,2073600,141.21199808219862
dell,44990,62,amd,ryzen 5,6,12,8,SSD,512,No secondary storage,0,amd,integrated,False,15.6,1920,1080,windows,1.0,512,2073600,141.21199808219862
asus,63990,58,intel,core i5,10,12,16,SSD,512,No secondary storage,0,intel,integrated,False,14.0,1920,1080,windows,1.0,512,2073600,157.3505121487356
asus,39242,51,intel,core i3,8,8,8,SSD,512,No secondary storage,0,intel,integrated,False,15.6,1920,1080,windows,1.0,512,2073600,141.21199808219862
asus,129990,74,intel,core i7,12,16,16,SSD,1024,No secondary storage,0,intel,integrated,True,14.0,2880,1800,windows,1.0,1024,5184000,242.5880862528841
asus,58990,62,amd,ryzen 5,6,12,8,SSD,512,No secondary storage,0,amd,integrated,True,14.0,1920,1200,windows,1.0,512,2304000,161.72539083525606
lenovo,22239,47,intel,celeron,2,2,8,SSD,256,No secondary storage,0,intel,integrated,False,15.6,1920,1080,windows,1.0,256,2073600,141.21199808219862
hp,37490,64,amd,ryzen 5,6,12,8,SSD,512,No secondary storage,0,amd,integrated,False,15.6,1366,768,windows,1.0,512,1049088,100.45466986113651
dell,55900,59,intel,core i5,10,12,8,SSD,512,No secondary storage,0,intel,integrated,False,15.6,1920,1080,windows,1.0,512,2073600,141.21199808219862
msi,61990,72,amd,ryzen 7,8,16,16,SSD,512,No secondary storage,0,amd,dedicated,False,15.6,1920,1080,windows,1.0,512,2073600,141.21199808219862
hp,145899,79,intel,core i7,14,20,16,SSD,1024,No secondary storage,0,intel,integrated,True,16.0,3072,1920,windows,1.0,1024,5898240,226.4155471693585
hp,138511,72,intel,core i7,10,12,16,SSD,1024,No secondary storage,0,intel,integrated,True,13.5,3000,2000,windows,1.0,1024,6000000,267.07787225659183
lenovo,21990,43,intel,celeron,2,2,8,SSD,256,No secondary storage,0,intel,integrated,False,15.6,1920,1080,dos,1.0,256,2073600,141.21199808219862
honor,43990,59,amd,ryzen 5,6,12,16,SSD,512,No secondary storage,0,amd,integrated,False,15.6,1920,1080,windows,1.0,512,2073600,141.21199808219862
acer,45990,59,intel,core i5,4,8,8,SSD,512,No secondary storage,0,nvidia,dedicated,False,15.6,1920,1080,windows,1.0,512,2073600,141.21199808219862
acer,32990,50,intel,core i3,8,8,8,SSD,512,No secondary storage,0,intel,integrated,False,15.6,1920,1080,windows,1.0,512,2073600,141.21199808219862
acer,32090,44,intel,core i3,8,8,8,SSD,512,No secondary storage,0,intel,integrated,False,14.0,1920,1080,windows,1.0,512,2073600,157.3505121487356
acer,184999,71,intel,core i9,24,32,16,SSD,1024,No secondary storage,0,nvidia,dedicated,False,16.0,2560,1600,windows,1.0,1024,4096000,188.67962264113208
acer,249990,77,intel,core i9,24,32,32,SSD,1024,No secondary storage,0,nvidia,dedicated,False,16.0,2560,1600,windows,1.0,1024,4096000,188.67962264113208
lenovo,21990,45,intel,celeron,2,2,4,SSD,256,No secondary storage,0,intel,integrated,False,14.0,1920,1080,dos,1.0,256,2073600,157.3505121487356
lenovo,45990,58,intel,core i5,4,8,8,SSD,512,No secondary storage,0,intel,integrated,False,14.0,1366,768,dos,1.0,512,1049088,111.93520355955211
lenovo,33490,56,amd,ryzen 3,4,8,8,SSD,512,No secondary storage,0,amd,integrated,False,15.6,1920,1080,windows,1.0,512,2073600,141.21199808219862
lenovo,35890,56,amd,ryzen 5,6,12,8,SSD,512,No secondary storage,0,amd,integrated,False,15.6,1920,1080,windows,1.0,512,2073600,141.21199808219862
asus,79500,67,amd,ryzen 7,8,16,16,SSD,1024,No secondary storage,0,nvidia,dedicated,False,15.6,1920,1080,windows,1.0,1024,2073600,141.21199808219862
fujitsu,56494,70,amd,ryzen 7,8,16,16,SSD,512,No secondary storage,0,amd,integrated,False,15.6,1920,1080,windows,2.0,512,2073600,141.21199808219862
hp,43190,58,amd,ryzen 5,6,12,8,SSD,512,No secondary storage,0,amd,integrated,False,15.6,1920,1080,windows,1.0,512,2073600,141.21199808219862
msi,43990,53,amd,ryzen 5,6,12,8,SSD,512,No secondary storage,0,amd,integrated,False,15.6,1920,1080,windows,1.0,512,2073600,141.21199808219862
dell,119600,68,intel,core i5,10,12,16,SSD,512,No secondary storage,0,intel,integrated,True,13.0,1920,1080,windows,1.0,512,2073600,169.45439769863833
acer,27990,52,amd,ryzen 3,4,8,8,SSD,256,No secondary storage,0,amd,integrated,False,15.6,1920,1080,windows,1.0,256,2073600,141.21199808219862
lenovo,36490,60,intel,core i3,2,4,8,SSD,512,No secondary storage,0,intel,integrated,False,15.6,1920,1080,windows,1.0,512,2073600,141.21199808219862
msi,48990,54,amd,ryzen 5,6,12,16,SSD,512,No secondary storage,0,amd,integrated,False,15.6,1920,1080,windows,1.0,512,2073600,141.21199808219862
lenovo,45990,66,intel,core i3,6,8,8,SSD,512,No secondary storage,0,intel,integrated,False,15.6,1920,1080,windows,1.0,512,2073600,141.21199808219862
lenovo,65999,55,intel,core i5,10,12,8,SSD,512,No secondary storage,0,intel,integrated,False,15.6,1920,1080,dos,1.0,512,2073600,141.21199808219862
dell,87990,72,intel,core i7,12,16,16,SSD,512,No secondary storage,0,nvidia,dedicated,False,16.0,1920,1080,windows,1.0,512,2073600,137.68169813014364
lenovo,33990,52,amd,ryzen 3,2,4,8,HDD,1024,No secondary storage,0,amd,integrated,False,14.0,1920,1080,dos,1.0,1024,2073600,157.3505121487356
asus,50785,59,amd,ryzen 5,4,8,16,SSD,512,No secondary storage,0,amd,integrated,False,15.6,1920,1080,windows,1.0,512,2073600,141.21199808219862
hp,57990,59,intel,core i5,10,12,8,SSD,512,No secondary storage,0,intel,integrated,False,15.6,1366,768,windows,1.0,512,1049088,100.45466986113651
lenovo,146271,75,intel,core i7,12,16,16,SSD,1024,No secondary storage,0,nvidia,dedicated,False,16.0,1920,1200,windows,3.0,1024,2304000,141.50971698084905
hp,32890,52,amd,ryzen 3,4,8,8,SSD,512,No secondary storage,0,amd,integrated,False,14.0,1366,768,windows,1.0,512,1049088,111.93520355955211
lenovo,43500,54,intel,core i3,2,4,8,SSD,512,No secondary storage,0,intel,integrated,False,14.0,1920,1080,dos,1.0,512,2073600,157.3505121487356
asus,61900,67,amd,ryzen 5,6,12,16,SSD,512,No secondary storage,0,amd,integrated,False,14.0,2880,1800,windows,1.0,512,5184000,242.5880862528841
hp,39551,43,other,other,8,0,8,SSD,256,No secondary storage,0,arm,integrated,True,13.3,1920,1080,chrome,1.0,256,2073600,165.6321180513006
hp,20990,37,intel,celeron,2,2,4,HDD,128,No secondary storage,0,intel,integrated,False,15.6,1366,768,chrome,1.0,128,1049088,100.45466986113651
lenovo,30990,50,intel,core i3,2,4,8,SSD,512,No secondary storage,0,intel,integrated,False,14.0,1920,1080,dos,1.0,512,2073600,157.3505121487356
hp,26999,59,amd,ryzen 3,2,4,8,SSD,512,No secondary storage,0,amd,integrated,False,15.6,1920,1080,windows,1.0,512,2073600,141.21199808219862
lenovo,32200,48,intel,core i3,6,8,8,SSD,512,No secondary storage,0,intel,integrated,False,15.6,1920,1080,dos,1.0,512,2073600,141.21199808219862
asus,249990,89,intel,core i9,14,20,32,SSD,1024,No secondary storage,0,nvidia,dedicated,False,16.0,2560,1600,windows,1.0,1024,4096000,188.67962264113208
asus,44970,58,amd,ryzen 5,4,8,8,SSD,512,No secondary storage,0,amd,integrated,False,14.0,1920,1080,windows,1.0,512,2073600,157.3505121487356
asus,45690,59,amd,ryzen 5,4,8,16,SSD,512,No secondary storage,0,amd,integrated,False,14.0,1920,1080,windows,1.0,512,2073600,157.3505121487356
lenovo,59990,64,intel,core i5,10,12,16,SSD,1024,No secondary storage,0,intel,integrated,False,15.6,1920,1080,windows,1.0,1024,2073600,141.21199808219862
msi,41990,60,amd,ryzen 5,6,12,8,SSD,512,No secondary storage,0,amd,integrated,False,14.0,1920,1080,windows,1.0,512,2073600,157.3505121487356
hp,30999,47,amd,ryzen 3,2,4,8,SSD,512,No secondary storage,0,amd,integrated,False,14.0,1366,768,dos,1.0,512,1049088,111.93520355955211
acer,76499,71,intel,core i5,12,16,16,SSD,512,No secondary storage,0,nvidia,dedicated,False,15.6,1920,1080,windows,1.0,512,2073600,141.21199808219862
msi,37990,58,intel,core i5,10,12,8,SSD,512,No secondary storage,0,intel,integrated,False,14.0,1920,1080,windows,1.0,512,2073600,157.3505121487356
msi,47490,59,intel,core i5,10,12,16,SSD,512,No secondary storage,0,intel,integrated,False,14.0,1920,1080,windows,1.0,512,2073600,157.3505121487356
msi,92990,72,intel,core i7,12,16,16,SSD,1024,No secondary storage,0,intel,integrated,False,13.3,1920,1200,windows,2.0,1024,2304000,170.23725351079585
msi,82990,74,intel,core i5,8,12,16,SSD,1024,No secondary storage,0,nvidia,dedicated,False,15.6,1920,1080,windows,2.0,1024,2073600,141.21199808219862
acer,29990,54,amd,ryzen 3,4,8,8,SSD,512,No secondary storage,0,amd,integrated,False,15.6,1920,1080,windows,1.0,512,2073600,141.21199808219862
asus,32190,53,amd,ryzen 3,4,8,8,SSD,512,No secondary storage,0,amd,integrated,False,14.0,1920,1080,windows,1.0,512,2073600,157.3505121487356
asus,68990,72,amd,ryzen 7,8,16,16,SSD,512,No secondary storage,0,nvidia,dedicated,False,15.6,1920,1080,windows,1.0,512,2073600,141.21199808219862
lg,118499,72,intel,core i7,12,16,16,SSD,512,No secondary storage,0,intel,integrated,True,16.0,2560,1600,windows,1.0,512,4096000,188.67962264113208
msi,87391,67,intel,core i7,14,20,16,SSD,1024,No secondary storage,0,intel,integrated,False,14.0,1920,1200,windows,2.0,1024,2304000,161.72539083525606
acer,68999,71,amd,ryzen 5,6,12,8,SSD,512,No secondary storage,0,nvidia,dedicated,False,15.6,1920,1080,windows,1.0,512,2073600,141.21199808219862
msi,50591,59,intel,core i5,10,12,16,SSD,512,No secondary storage,0,intel,integrated,False,15.6,1920,1080,windows,1.0,512,2073600,141.21199808219862
msi,60990,61,intel,core i7,10,12,16,SSD,512,No secondary storage,0,intel,integrated,False,14.0,1920,1080,windows,1.0,512,2073600,157.3505121487356
asus,279990,83,intel,core i9,24,32,32,SSD,1024,No secondary storage,0,nvidia,dedicated,False,16.0,2560,1600,windows,1.0,1024,4096000,188.67962264113208
msi,53990,58,intel,core i5,10,12,16,SSD,512,No secondary storage,0,intel,integrated,False,14.0,1920,1080,windows,1.0,512,2073600,157.3505121487356
msi,40990,56,intel,core i5,10,12,8,SSD,512,No secondary storage,0,intel,integrated,False,14.0,1920,1080,windows,1.0,512,2073600,157.3505121487356
hp,154999,73,intel,core i7,10,12,16,SSD,1024,No secondary storage,0,intel,integrated,True,13.5,3000,2000,windows,1.0,1024,6000000,267.07787225659183
asus,54990,68,amd,ryzen 5,6,12,8,SSD,512,No secondary storage,0,amd,integrated,True,14.0,1920,1200,windows,1.0,512,2304000,161.72539083525606
msi,119990,76,intel,core i7,10,16,16,SSD,1024,No secondary storage,0,nvidia,dedicated,False,15.6,1920,1080,windows,2.0,1024,2073600,141.21199808219862
asus,77990,68,amd,ryzen 5,6,12,16,SSD,1024,No secondary storage,0,amd,integrated,False,14.0,2880,1800,windows,1.0,1024,5184000,242.5880862528841
asus,66990,65,amd,ryzen 5,6,12,16,SSD,1024,No secondary storage,0,amd,integrated,False,16.0,1920,1200,windows,1.0,1024,2304000,141.50971698084905
asus,59990,64,amd,ryzen 5,6,12,16,SSD,512,No secondary storage,0,amd,integrated,False,16.0,1920,1200,windows,1.0,512,2304000,141.50971698084905
acer,75500,67,amd,ryzen 7,8,16,8,SSD,512,No secondary storage,0,nvidia,dedicated,False,15.6,1920,1080,windows,1.0,512,2073600,141.21199808219862
asus,65990,68,amd,ryzen 5,6,12,16,SSD,512,No secondary storage,0,nvidia,dedicated,False,15.6,1920,1080,windows,1.0,512,2073600,141.21199808219862
msi,91990,73,intel,core i7,10,16,16,SSD,512,No secondary storage,0,nvidia,dedicated,False,15.6,1920,1080,windows,2.0,512,2073600,141.21199808219862
asus,44990,59,amd,ryzen 5,4,8,8,SSD,512,No secondary storage,0,amd,integrated,False,15.6,1920,1080,windows,1.0,512,2073600,141.21199808219862
asus,67990,68,amd,ryzen 5,6,12,16,SSD,512,No secondary storage,0,amd,integrated,False,14.0,2560,1600,windows,1.0,512,4096000,215.6338544470081
hp,20990,37,intel,celeron,2,2,4,HDD,128,No secondary storage,0,intel,integrated,False,15.6,1366,768,chrome,1.0,128,1049088,100.45466986113651
