brand,Price,Rating,processor_brand,processor_tier,num_cores,num_threads,ram_memory,primary_storage_type,primary_storage_capacity,secondary_storage_type,secondary_storage_capacity,gpu_brand,gpu_type,is_touch_screen,display_size,resolution_width,resolution_height,OS,year_of_warranty
tecno,23990,63,intel,core i3,2,4,8,SSD,512,No secondary storage,0,intel,integrated,False,15.6,1920,1080,windows,1.0
tecno,35990,67,intel,core i7,4,8,16,SSD,1024,No secondary storage,0,intel,integrated,False,15.6,1920,1080,windows,1.0
hp,51100,73,amd,ryzen 5,6,12,8,SSD,512,No secondary storage,0,amd,dedicated,False,15.6,1920,1080,windows,1.0
acer,39990,62,intel,core i5,12,16,8,SSD,512,No secondary storage,0,intel,integrated,False,14.0,1920,1080,windows,1.0
lenovo,28580,62,amd,ryzen 3,4,8,8,SSD,512,No secondary storage,0,amd,integrated,False,15.6,1920,1080,windows,1.0
apple,70990,45,apple,m1,8,8,8,SSD,256,No secondary storage,0,apple,apple,False,13.3,2560,1600,mac,1.0
infinix,34990,56,intel,core i5,4,8,16,SSD,512,No secondary storage,0,intel,integrated,False,15.6,1920,1080,windows,1.0
asus,49990,70,intel,core i5,6,12,8,SSD,512,No secondary storage,0,nvidia,dedicated,False,15.6,1920,1080,windows,1.0
hp,36990,60,intel,core i3,6,8,8,SSD,512,No secondary storage,0,intel,integrated,False,15.6,1920,1080,windows,1.0
infinix,59990,71,intel,core i9,14,20,32,SSD,1024,No secondary storage,0,intel,integrated,False,15.6,1920,1080,windows,1.0
dell,34990,60,intel,core i3,6,8,8,SSD,512,No secondary storage,0,intel,integrated,False,15.6,1920,1080,windows,1.0
samsung,64990,68,intel,core i5,12,16,16,SSD,512,No secondary storage,0,intel,integrated,False,13.3,1080,1920,windows,1.0
msi,52990,71,intel,core i5,8,12,16,SSD,512,No secondary storage,0,nvidia,dedicated,False,15.6,1920,1080,windows,2.0
asus,57390,71,amd,ryzen 7,8,16,16,SSD,512,No secondary storage,0,amd,integrated,False,16.0,1920,1200,windows,1.0
lenovo,47490,66,intel,core i5,4,8,16,SSD,512,No secondary storage,0,intel,integrated,False,15.6,1920,1080,windows,1.0
hp,153990,85,intel,core i7,20,28,16,SSD,1024,No secondary storage,0,nvidia,dedicated,False,16.1,2560,1440,windows,1.0
lenovo,49990,59,intel,core i7,10,12,16,SSD,512,No secondary storage,0,intel,integrated,False,15.6,1920,1080,windows,1.0
asus,75990,76,intel,core i7,8,16,16,SSD,1024,No secondary storage,0,nvidia,dedicated,False,15.6,1920,1080,windows,1.0
hp,55490,71,amd,ryzen 5,6,12,16,SSD,512,No secondary storage,0,nvidia,dedicated,False,15.6,1920,1080,windows,1.0
wings,27990,56,intel,core i5,4,8,8,SSD,512,No secondary storage,0,intel,integrated,False,15.6,1080,1920,windows,1.0
hp,19299,49,amd,other,2,2,4,SSD,256,No secondary storage,0,amd,integrated,False,15.6,1366,768,dos,1.0
lenovo,27990,59,amd,ryzen 3,4,8,8,SSD,512,No secondary storage,0,amd,integrated,False,15.6,1920,1080,windows,1.0
apple,399900,65,apple,m3,16,16,8,SSD,1024,No secondary storage,0,apple,apple,False,16.2,3456,2234,mac,1.0
asus,39990,57,intel,core i3,10,12,8,SSD,512,No secondary storage,0,intel,integrated,False,15.6,1920,1080,windows,1.0
asus,27990,57,intel,core i3,2,4,8,SSD,256,No secondary storage,0,intel,integrated,False,15.6,1920,1080,windows,1.0
acer,77990,63,intel,core i5,8,12,16,SSD,512,No secondary storage,0,nvidia,dedicated,False,15.6,1920,1080,windows,1.0
hp,78990,77,amd,ryzen 7,8,16,16,SSD,1024,No secondary storage,0,nvidia,dedicated,False,16.1,1920,1080,windows,1.0
ultimus,19990,54,intel,core i5,4,8,8,SSD,512,No secondary storage,0,intel,integrated,False,14.1,1920,1080,windows,1.0
hp,71999,66,intel,core i5,12,16,16,SSD,512,No secondary storage,0,intel,integrated,False,15.6,1920,1080,windows,1.0
msi,66780,76,intel,core i7,8,16,16,HDD,1024,SSD,256,nvidia,dedicated,False,15.6,1920,1080,windows,
samsung,44990,59,intel,core i5,10,12,8,SSD,512,No secondary storage,0,intel,integrated,False,15.6,1920,1080,windows,1.0
samsung,47990,62,intel,core i5,10,12,16,SSD,512,No secondary storage,0,intel,integrated,False,15.6,1920,1080,windows,1.0
lenovo,47990,71,intel,core i5,4,8,8,SSD,512,No secondary storage,0,nvidia,dedicated,False,15.6,1920,1080,windows,1.0
asus,46990,65,amd,ryzen 5,6,12,8,SSD,512,No secondary storage,0,amd,integrated,False,16.0,1920,1200,windows,1.0
apple,102990,48,apple,m2,8,8,8,SSD,256,No secondary storage,0,apple,apple,False,13.6,2560,1664,mac,1.0
dell,68239,66,intel,core i5,12,16,16,SSD,512,No secondary storage,0,nvidia,dedicated,False,15.6,1920,1080,windows,1.0
acer,46990,64,intel,core i5,10,12,16,SSD,1024,No secondary storage,0,intel,integrated,False,15.6,1920,1080,windows,1.0
acer,34990,60,intel,core i3,6,8,16,SSD,512,No secondary storage,0,intel,integrated,False,15.6,1920,1080,windows,1.0
hp,53990,62,intel,core i5,10,12,16,SSD,512,No secondary storage,0,intel,integrated,False,15.6,1920,1080,windows,1.0
asus,63990,72,intel,core i5,8,12,16,SSD,512,No secondary storage,0,nvidia,dedicated,False,16.0,1920,1200,windows,1.0
asus,113571,77,amd,ryzen 9,8,16,16,SSD,512,No secondary storage,0,nvidia,dedicated,True,13.4,1920,1200,windows,1.0
hp,88800,71,intel,core i5,12,16,16,SSD,512,No secondary storage,0,nvidia,dedicated,False,15.6,1920,1080,windows,1.0
hp,53570,71,amd,ryzen 5,6,12,16,SSD,512,No secondary storage,0,amd,dedicated,False,15.6,1920,1080,windows,1.0
hp,116990,80,amd,ryzen 7,8,16,16,SSD,1024,No secondary storage,0,nvidia,dedicated,False,16.0,1920,1080,windows,1.0
hp,70810,71,intel,core i5,8,12,16,SSD,512,No secondary storage,0,nvidia,dedicated,False,15.6,1920,1080,windows,1.0
dell,81290,71,intel,core i5,10,16,16,SSD,512,No secondary storage,0,nvidia,dedicated,False,15.6,1920,1080,windows,1.0
msi,35950,58,intel,core i5,4,8,8,SSD,512,No secondary storage,0,intel,integrated,False,14.0,1920,1080,windows,1.0
asus,269990,83,intel,core i9,24,32,32,SSD,1024,No secondary storage,0,nvidia,dedicated,False,16.0,2560,1600,windows,1.0
msi,69990,70,intel,core i5,8,12,16,SSD,512,No secondary storage,0,nvidia,dedicated,False,15.6,1920,1080,windows,2.0
dell,39649,66,amd,ryzen 5,6,12,8,SSD,512,No secondary storage,0,amd,integrated,False,14.0,1920,1080,windows,1.0
infinix,29990,54,intel,core i5,4,8,8,SSD,512,No secondary storage,0,intel,integrated,False,15.6,1920,1080,windows,1.0
acer,32990,58,intel,core i3,6,8,8,SSD,512,No secondary storage,0,intel,integrated,False,15.6,1920,1080,windows,1.0
hp,83590,76,amd,ryzen 7,8,16,16,SSD,512,No secondary storage,0,nvidia,dedicated,False,16.1,1920,1080,windows,1.0
hp,54490,70,amd,ryzen 5,6,12,8,SSD,512,No secondary storage,0,nvidia,dedicated,False,15.6,1920,1080,windows,1.0
hp,42499,63,amd,ryzen 5,6,12,16,SSD,512,No secondary storage,0,amd,integrated,False,15.6,1920,1080,windows,1.0
infinix,27990,50,intel,core i3,6,8,8,SSD,512,No secondary storage,0,intel,integrated,False,14.0,1920,1080,windows,1.0
hp,147990,80,intel,core i7,16,24,16,SSD,1024,No secondary storage,0,nvidia,dedicated,False,16.1,2560,1600,windows,1.0
asus,74085,75,intel,core i5,12,16,16,SSD,512,No secondary storage,0,nvidia,dedicated,False,17.3,1920,1080,windows,1.0
dell,86490,66,intel,core i7,12,16,16,SSD,1024,No secondary storage,0,intel,integrated,False,14.0,1920,1200,windows,1.0
asus,60990,67,intel,core i7,10,16,16,SSD,512,No secondary storage,0,intel,integrated,False,15.6,1920,1080,windows,1.0
lenovo,56990,69,amd,ryzen 5,6,12,16,SSD,512,No secondary storage,0,nvidia,dedicated,False,15.6,1920,1080,windows,1.0
dell,72490,70,intel,core i5,12,16,16,SSD,512,No secondary storage,0,intel,integrated,False,16.0,2560,1600,windows,1.0
asus,35990,64,intel,core i3,2,4,16,SSD,512,No secondary storage,0,intel,integrated,False,14.0,1920,1080,windows,1.0
asus,108990,78,intel,core i7,14,20,16,SSD,512,No secondary storage,0,nvidia,dedicated,False,15.6,1920,1080,windows,1.0
asus,57990,72,intel,core i5,6,12,16,SSD,512,No secondary storage,0,nvidia,dedicated,False,15.6,1920,1080,windows,1.0
hp,69999,72,intel,core i5,8,12,16,SSD,512,No secondary storage,0,nvidia,dedicated,False,15.6,1920,1080,windows,1.0
hp,71990,65,intel,core i5,8,12,16,SSD,512,No secondary storage,0,nvidia,dedicated,False,15.6,1920,1080,windows,1.0
apple,119990,53,apple,m2,8,8,8,SSD,256,No secondary storage,0,apple,apple,False,15.3,2880,1864,mac,1.0
infinix,26990,53,intel,celeron,4,4,8,SSD,512,No secondary storage,0,intel,integrated,False,15.6,1920,1080,windows,1.0
hp,77899,70,intel,core i5,10,12,16,SSD,1024,No secondary storage,0,intel,integrated,True,14.0,1920,1080,windows,1.0
primebook,14990,26,other,other,8,0,4,HDD,64,No secondary storage,0,arm,integrated,False,11.6,1366,768,android,1.0
dell,50000,60,intel,core i5,10,12,8,SSD,512,No secondary storage,0,intel,integrated,False,15.6,1920,1080,windows,1.0
acer,56990,71,intel,core i5,12,16,16,SSD,512,No secondary storage,0,nvidia,dedicated,False,15.6,1920,1080,windows,1.0
hp,57990,70,intel,core i5,8,12,8,SSD,512,No secondary storage,0,nvidia,dedicated,False,15.6,1920,1080,windows,1.0
hp,49999,70,amd,ryzen 5,6,12,8,SSD,512,No secondary storage,0,nvidia,dedicated,False,16.1,1920,1080,windows,1.0
asus,72490,62,intel,core i5,12,16,16,SSD,512,No secondary storage,0,intel,integrated,False,14.0,2880,1800,windows,1.0
asus,69689,64,intel,core i5,12,16,16,SSD,512,No secondary storage,0,intel,integrated,False,15.6,1920,1080,windows,1.0
iball,9800,41,intel,other,4,0,2,HDD,32,No secondary storage,0,intel,integrated,False,11.6,1366,768,windows,1.0
ultimus,15990,46,intel,celeron,2,2,8,SSD,256,No secondary storage,0,intel,integrated,False,14.1,1366,768,windows,1.0
dell,83990,72,intel,core i5,10,16,16,SSD,1024,No secondary storage,0,nvidia,dedicated,False,15.6,1920,1080,windows,1.0
asus,46990,57,intel,core i5,4,8,16,SSD,512,No secondary storage,0,intel,integrated,False,14.0,1920,1080,windows,1.0
hp,60990,54,intel,core i5,12,16,12,SSD,512,No secondary storage,0,intel,integrated,False,15.6,1920,1080,windows,1.0
lenovo,44990,51,intel,core i3,5,6,8,SSD,512,No secondary storage,0,intel,integrated,False,15.6,1920,1080,windows,1.0
lenovo,34990,66,amd,ryzen 3,4,8,8,SSD,512,No secondary storage,0,amd,integrated,False,15.6,1920,1080,windows,1.0
hp,66990,72,intel,core i5,8,12,16,SSD,1024,No secondary storage,0,nvidia,dedicated,False,15.6,1920,1080,windows,1.0
lenovo,24440,47,amd,other,2,2,8,SSD,512,No secondary storage,0,amd,integrated,False,15.6,1920,1080,windows,1.0
hp,51990,70,amd,ryzen 5,6,12,8,SSD,512,No secondary storage,0,nvidia,dedicated,False,15.6,1920,1080,windows,1.0
msi,54990,65,intel,core i5,6,12,16,SSD,512,No secondary storage,0,nvidia,dedicated,False,15.6,1920,1080,windows,2.0
ultimus,11990,41,intel,celeron,2,2,4,SSD,128,No secondary storage,0,intel,integrated,False,14.1,1366,768,windows,1.0
lenovo,48990,70,amd,ryzen 7,8,16,8,SSD,512,No secondary storage,0,amd,integrated,False,15.6,1920,1080,windows,1.0
msi,74990,75,intel,core i5,12,16,32,SSD,1024,No secondary storage,0,nvidia,dedicated,False,15.6,1920,1080,windows,2.0
msi,49990,65,amd,ryzen 5,6,12,8,SSD,512,No secondary storage,0,amd,dedicated,False,15.6,1920,1080,windows,1.0
asus,53990,63,intel,core i5,12,16,16,SSD,512,No secondary storage,0,intel,integrated,False,15.6,1920,1080,windows,1.0
asus,81689,71,intel,core i9,14,20,16,SSD,512,No secondary storage,0,intel,integrated,False,16.0,1920,1200,windows,1.0
lenovo,63889,63,amd,ryzen 5,6,12,16,SSD,512,No secondary storage,0,nvidia,dedicated,False,15.6,1920,1080,windows,1.0
lenovo,37040,59,intel,core i3,6,8,8,SSD,512,No secondary storage,0,intel,integrated,False,15.6,1920,1080,windows,1.0
asus,94990,70,intel,core i5,10,16,16,SSD,512,No secondary storage,0,nvidia,dedicated,False,16.0,1920,1200,windows,1.0
infinix,35990,60,intel,core i5,4,8,16,SSD,1024,No secondary storage,0,intel,integrated,False,14.0,1920,1080,windows,1.0
asus,72990,70,amd,ryzen 7,8,16,16,SSD,512,No secondary storage,0,nvidia,dedicated,False,15.6,1920,1080,windows,1.0
hp,55990,67,amd,ryzen 5,6,12,8,SSD,512,No secondary storage,0,nvidia,dedicated,False,15.6,1920,1080,windows,1.0
lenovo,94990,80,amd,ryzen 7,8,16,16,SSD,1024,No secondary storage,0,amd,integrated,True,14.0,2880,1800,windows,1.0
hp,51800,57,intel,core i5,10,12,8,SSD,512,No secondary storage,0,intel,integrated,False,15.6,1920,1080,windows,1.0
hp,49775,62,amd,ryzen 5,6,12,8,SSD,512,No secondary storage,0,amd,dedicated,False,15.6,1920,1080,windows,1.0
asus,53990,66,intel,core i5,6,12,8,SSD,512,No secondary storage,0,nvidia,dedicated,False,15.6,1920,1080,windows,1.0
lenovo,79990,70,intel,core i5,8,12,16,SSD,512,No secondary storage,0,nvidia,dedicated,False,15.6,1920,1080,windows,1.0
msi,41990,63,intel,core i5,4,8,16,SSD,512,No secondary storage,0,intel,integrated,False,15.6,1920,1080,windows,1.0
acer,37990,60,amd,ryzen 5,6,12,16,SSD,512,No secondary storage,0,amd,integrated,False,15.6,1920,1080,windows,1.0
asus,85990,75,intel,core i7,10,16,16,SSD,1024,No secondary storage,0,nvidia,dedicated,False,14.0,2880,1800,windows,1.0
acer,39499,62,intel,core i5,4,8,8,SSD,512,No secondary storage,0,intel,integrated,False,15.6,1920,1080,windows,1.0
infinix,57990,63,intel,core i7,14,20,32,SSD,1024,No secondary storage,0,intel,integrated,False,15.6,1920,1080,windows,1.0
asus,67990,72,intel,core i5,8,12,16,SSD,512,No secondary storage,0,nvidia,dedicated,False,14.0,2880,1800,windows,1.0
acer,94990,72,intel,core i7,10,16,16,SSD,512,No secondary storage,0,nvidia,dedicated,False,15.6,1920,1080,windows,1.0
asus,75250,72,intel,core i5,12,16,8,SSD,512,No secondary storage,0,nvidia,dedicated,False,15.6,1920,1080,windows,1.0
acer,47990,67,intel,core i5,8,12,8,SSD,512,No secondary storage,0,nvidia,dedicated,False,15.6,1920,1080,windows,1.0
asus,66990,64,amd,ryzen 5,6,12,16,SSD,512,No secondary storage,0,amd,integrated,False,14.0,2880,1800,windows,1.0
hp,43700,62,amd,ryzen 5,6,12,8,SSD,512,No secondary storage,0,amd,integrated,False,15.6,1920,1080,windows,1.0
asus,154990,88,intel,core i9,14,20,16,SSD,1024,No secondary storage,0,nvidia,dedicated,False,16.0,3200,2000,windows,1.0
acer,119990,75,intel,core i7,16,24,16,SSD,512,No secondary storage,0,nvidia,dedicated,False,16.0,1920,1200,windows,1.0
acer,104990,70,intel,core i5,14,20,16,SSD,512,No secondary storage,0,nvidia,dedicated,False,16.0,1920,1200,windows,1.0
hp,34890,58,intel,core i3,2,4,8,HDD,1024,SSD,256,intel,integrated,False,15.6,1366,768,windows,
hp,32490,54,amd,ryzen 3,4,8,8,SSD,512,No secondary storage,0,amd,integrated,False,15.6,1920,1080,windows,1.0
hp,43400,52,amd,ryzen 5,4,8,8,SSD,512,No secondary storage,0,amd,integrated,False,15.6,1920,1080,windows,1.0
lenovo,40990,66,intel,core i5,10,12,8,SSD,512,No secondary storage,0,intel,integrated,False,15.6,1920,1080,windows,1.0
acer,30990,49,intel,core i3,8,8,8,SSD,512,No secondary storage,0,intel,integrated,False,15.6,1920,1080,windows,1.0
lenovo,40990,64,amd,ryzen 5,6,12,16,SSD,512,No secondary storage,0,amd,integrated,False,15.6,1920,1080,windows,1.0
hp,31090,60,intel,core i3,2,4,8,SSD,512,No secondary storage,0,intel,integrated,False,15.6,1920,1080,windows,1.0
dell,68990,74,intel,core i5,12,16,8,SSD,512,No secondary storage,0,nvidia,dedicated,False,15.6,1920,1080,windows,1.0
asus,96389,79,amd,ryzen 9,8,16,16,SSD,1024,No secondary storage,0,nvidia,dedicated,True,13.4,1920,1200,windows,1.0
asus,43990,60,intel,core i5,4,8,8,SSD,512,No secondary storage,0,intel,integrated,False,15.6,1920,1080,windows,1.0
lenovo,45651,67,intel,core i5,4,8,8,SSD,512,No secondary storage,0,nvidia,dedicated,False,15.6,1920,1080,windows,1.0
asus,52990,65,amd,ryzen 5,6,12,16,SSD,512,No secondary storage,0,amd,integrated,False,16.0,1920,1200,windows,1.0
acer,38990,64,intel,core i5,4,8,16,SSD,512,No secondary storage,0,intel,integrated,False,14.0,1920,1080,windows,1.0
asus,33490,56,intel,core i3,2,4,8,SSD,512,No secondary storage,0,intel,integrated,True,15.6,1920,1080,windows,1.0
apple,109990,43,apple,m2,8,8,8,SSD,256,No secondary storage,0,apple,apple,False,13.3,2560,1600,mac,1.0
asus,72990,70,intel,core i7,14,20,16,SSD,512,No secondary storage,0,intel,integrated,False,15.6,1920,1080,windows,1.0
hp,40499,60,amd,ryzen 5,6,12,8,SSD,512,No secondary storage,0,amd,integrated,False,15.6,1920,1080,windows,1.0
hp,202340,82,intel,core ultra 7,16,22,32,SSD,2048,No secondary storage,0,intel,dedicated,True,16.0,2880,1800,windows,1.0
lenovo,35990,60,amd,ryzen 5,4,8,8,SSD,512,No secondary storage,0,amd,integrated,False,15.6,1920,1080,windows,1.0
lenovo,44990,64,intel,core i5,4,8,8,SSD,512,No secondary storage,0,intel,integrated,False,15.6,1920,1080,windows,1.0
dell,148490,78,intel,core i9,24,32,16,SSD,1024,No secondary storage,0,nvidia,dedicated,False,15.6,1920,1080,windows,1.0
hp,165900,76,intel,core ultra 7,16,22,32,SSD,1024,No secondary storage,0,intel,dedicated,True,14.0,2880,1800,windows,1.0
apple,289900,63,apple,m3,12,12,36,SSD,512,No secondary storage,0,apple,apple,False,16.2,3456,2234,mac,1.0
apple,349900,64,apple,m3,14,14,36,SSD,1024,No secondary storage,0,apple,apple,False,16.2,3456,2234,mac,1.0
apple,249900,58,apple,m3,12,12,8,SSD,512,No secondary storage,0,apple,apple,False,16.2,3456,2234,mac,1.0
apple,199900,56,apple,m3,11,11,8,SSD,512,No secondary storage,0,apple,apple,False,14.2,3024,1964,mac,1.0
lenovo,152990,77,intel,core i7,16,24,16,SSD,1024,No secondary storage,0,nvidia,dedicated,False,16.0,2560,1600,windows,1.0
dell,37990,59,intel,core i3,6,8,8,SSD,512,No secondary storage,0,intel,integrated,False,15.6,1920,1080,windows,1.0
hp,60990,64,intel,core i5,8,12,8,SSD,512,No secondary storage,0,nvidia,dedicated,False,15.6,1920,1080,windows,1.0
hp,50999,58,amd,ryzen 7,8,16,16,SSD,512,No secondary storage,0,amd,integrated,False,15.6,1920,1080,windows,1.0
dell,65990,53,intel,core i5,10,12,16,SSD,1024,No secondary storage,0,intel,integrated,False,15.6,1920,1080,windows,1.0
acer,32990,54,amd,ryzen 5,4,8,8,SSD,512,No secondary storage,0,amd,integrated,False,15.6,1920,1080,windows,1.0
asus,47990,62,intel,core i3,6,8,16,SSD,512,No secondary storage,0,intel,integrated,False,16.0,1920,1200,windows,1.0
lenovo,132190,83,amd,ryzen 7,8,16,16,SSD,1024,No secondary storage,0,nvidia,dedicated,False,16.0,2560,1600,windows,1.0
ultimus,14990,45,intel,celeron,2,2,4,SSD,256,No secondary storage,0,intel,integrated,False,14.1,1366,768,windows,1.0
zebronics,33990,65,intel,core i3,6,8,8,SSD,512,No secondary storage,0,intel,integrated,False,15.6,1920,1080,windows,1.0
hp,165900,76,intel,core ultra 7,16,22,32,SSD,1024,No secondary storage,0,intel,dedicated,True,14.0,2880,1800,windows,1.0
hp,39700,59,intel,core i3,6,8,8,SSD,512,No secondary storage,0,intel,integrated,False,15.6,1920,1080,windows,1.0
zebronics,32990,63,intel,core i5,4,8,16,SSD,512,No secondary storage,0,intel,integrated,False,15.6,1920,1080,windows,1.0
zebronics,52990,72,intel,core i7,10,12,16,SSD,1024,No secondary storage,0,intel,integrated,False,15.6,1920,1080,windows,1.0
zebronics,29990,56,intel,core i3,4,8,8,SSD,512,No secondary storage,0,intel,integrated,False,15.6,1920,1080,windows,1.0
hp,68710,67,intel,core i5,10,12,16,SSD,1024,No secondary storage,0,intel,integrated,False,14.0,1920,1080,windows,1.0
lenovo,61712,60,amd,ryzen 5,6,12,8,SSD,512,No secondary storage,0,nvidia,dedicated,False,15.6,1920,1080,windows,1.0
asus,91990,71,amd,ryzen 7,8,16,16,SSD,1024,No secondary storage,0,nvidia,dedicated,False,15.6,1920,1080,windows,1.0
hp,60990,66,intel,core i5,8,12,8,SSD,512,No secondary storage,0,nvidia,dedicated,False,15.6,1920,1080,windows,1.0
chuwi,32990,50,intel,core i3,6,8,12,SSD,512,No secondary storage,0,intel,integrated,True,13.5,2256,1504,windows,1.0
acer,72990,64,intel,core i5,12,16,16,SSD,512,No secondary storage,0,intel,integrated,False,14.0,2880,1800,windows,1.0
hp,23999,49,amd,ryzen 3,2,4,8,SSD,512,No secondary storage,0,amd,integrated,False,15.6,1366,768,dos,1.0
gigabyte,71990,67,intel,core i5,8,12,16,SSD,512,No secondary storage,0,nvidia,dedicated,False,15.6,1920,1080,windows,2.0
asus,84990,69,intel,core i5,12,16,16,SSD,512,No secondary storage,0,intel,integrated,True,14.0,3840,2400,windows,1.0
asus,17990,35,intel,celeron,2,2,4,SSD,64,No secondary storage,0,intel,integrated,False,15.6,1920,1080,chrome,1.0
lenovo,25790,50,intel,celeron,2,2,8,SSD,256,No secondary storage,0,intel,integrated,False,15.6,1366,768,windows,1.0
hp,31999,56,amd,ryzen 5,6,12,8,SSD,256,No secondary storage,0,amd,integrated,False,15.6,1920,1080,windows,1.0
acer,179990,78,intel,core i9,24,32,16,SSD,1024,No secondary storage,0,nvidia,dedicated,False,16.0,1920,1200,windows,1.0
asus,72990,71,intel,core i7,8,16,16,SSD,512,No secondary storage,0,nvidia,dedicated,False,15.6,1920,1080,windows,1.0
hp,92800,76,intel,core i7,10,16,16,SSD,1024,No secondary storage,0,nvidia,dedicated,False,15.6,1920,1080,windows,1.0
lenovo,48990,64,amd,ryzen 7,8,16,16,SSD,512,No secondary storage,0,amd,integrated,False,15.6,1920,1080,windows,1.0
msi,54990,60,intel,core i7,10,12,16,SSD,512,No secondary storage,0,intel,integrated,False,14.0,1920,1080,windows,1.0
wings,39990,58,intel,core i7,4,8,16,SSD,512,No secondary storage,0,intel,integrated,False,14.0,1080,1920,windows,1.0
wings,24990,49,intel,core i3,4,8,8,SSD,256,No secondary storage,0,intel,integrated,False,15.6,1080,1920,windows,1.0
msi,61990,73,intel,core i5,6,12,16,HDD,1024,SSD,256,nvidia,dedicated,False,15.6,1920,1080,windows,
infinix,38990,56,intel,core i5,10,12,16,SSD,512,No secondary storage,0,intel,integrated,False,14.0,1920,1080,windows,1.0
hp,72999,63,intel,core i5,10,12,16,SSD,1024,No secondary storage,0,intel,integrated,False,15.6,1920,1080,windows,1.0
msi,52990,65,intel,core i5,6,12,8,SSD,512,No secondary storage,0,nvidia,dedicated,False,15.6,1920,1080,windows,2.0
msi,62990,73,intel,core i5,6,12,16,HDD,1024,SSD,256,nvidia,dedicated,False,15.6,1920,1080,windows,
hp,87090,76,amd,ryzen 7,8,16,16,SSD,1024,No secondary storage,0,nvidia,dedicated,False,16.1,1920,1080,windows,1.0
lenovo,70590,62,intel,core i5,12,16,16,SSD,512,No secondary storage,0,intel,integrated,False,16.0,1920,1200,windows,1.0
lenovo,66990,69,intel,core i5,8,12,16,SSD,512,No secondary storage,0,nvidia,dedicated,False,15.6,1920,1080,windows,1.0
lenovo,114990,63,intel,core i7,10,16,16,SSD,512,No secondary storage,0,nvidia,dedicated,False,15.6,1920,1080,windows,1.0
lenovo,99990,67,intel,core i7,10,16,16,SSD,512,No secondary storage,0,nvidia,dedicated,False,15.6,1920,1080,windows,1.0
hp,34990,63,intel,core i3,2,4,8,SSD,512,No secondary storage,0,intel,integrated,False,14.0,1366,768,windows,1.0
hp,64500,75,intel,core i5,6,12,16,SSD,512,No secondary storage,0,nvidia,dedicated,False,16.1,1920,1080,windows,1.0
hp,176499,85,intel,core i7,20,28,16,SSD,1024,No secondary storage,0,nvidia,dedicated,False,16.1,2560,1440,windows,1.0
jio,14701,24,other,other,8,0,4,HDD,64,No secondary storage,0,arm,integrated,False,11.6,1366,768,other,1.0
asus,74990,65,intel,core i5,12,16,16,SSD,512,No secondary storage,0,intel,integrated,False,14.0,2880,1800,windows,1.0
asus,104990,76,intel,core i7,10,16,16,SSD,512,No secondary storage,0,nvidia,dedicated,False,16.0,1920,1200,windows,1.0
hp,94990,70,intel,core i5,8,12,16,SSD,512,No secondary storage,0,nvidia,dedicated,False,16.1,2560,1440,windows,1.0
dell,77490,73,intel,core i5,12,16,16,SSD,1024,No secondary storage,0,nvidia,dedicated,False,15.6,1920,1080,windows,1.0
chuwi,24990,50,intel,core i3,2,4,8,SSD,512,No secondary storage,0,intel,integrated,False,14.0,1920,1200,windows,1.0
msi,39990,62,intel,core i5,4,8,16,SSD,512,No secondary storage,0,intel,integrated,False,14.0,1920,1080,windows,1.0
hp,55990,63,amd,ryzen 7,8,16,16,SSD,512,No secondary storage,0,amd,integrated,False,15.6,1920,1080,windows,1.0
infinix,48990,57,intel,core i5,12,16,16,SSD,512,No secondary storage,0,intel,integrated,False,15.6,1920,1080,windows,1.0
dell,39240,63,amd,ryzen 5,6,12,8,SSD,512,No secondary storage,0,amd,integrated,False,15.6,1920,1080,windows,1.0
asus,90060,77,intel,core i7,10,16,16,SSD,512,No secondary storage,0,nvidia,dedicated,False,16.0,1920,1200,windows,1.0
asus,85800,76,intel,core i5,12,16,16,SSD,512,No secondary storage,0,nvidia,dedicated,False,15.6,1920,1080,windows,1.0
asus,57990,70,intel,core i5,8,12,8,SSD,512,No secondary storage,0,nvidia,dedicated,False,16.0,1920,1200,windows,1.0
asus,60990,66,intel,core i5,12,16,16,SSD,512,No secondary storage,0,intel,integrated,False,15.6,1920,1080,windows,1.0
hp,73020,66,intel,core i5,12,16,16,SSD,512,No secondary storage,0,intel,integrated,False,15.6,1920,1080,windows,1.0
msi,53990,65,intel,core i7,10,12,16,SSD,512,No secondary storage,0,intel,integrated,False,14.0,1920,1080,windows,1.0
msi,56990,72,intel,core i5,6,12,16,SSD,512,No secondary storage,0,nvidia,dedicated,False,15.6,1920,1080,windows,2.0
lenovo,32980,53,intel,core i3,6,8,8,SSD,512,No secondary storage,0,intel,integrated,False,15.6,1920,1080,dos,1.0
msi,36990,62,intel,core i3,6,8,16,SSD,512,No secondary storage,0,intel,integrated,False,14.0,1920,1080,windows,1.0
asus,59990,60,amd,ryzen 5,6,12,8,SSD,512,No secondary storage,0,nvidia,dedicated,False,15.6,1920,1080,windows,1.0
asus,31990,59,intel,core i3,2,4,8,SSD,512,No secondary storage,0,intel,integrated,False,14.0,1920,1080,windows,1.0
apple,144990,56,apple,m2,8,8,8,SSD,512,No secondary storage,0,apple,apple,False,15.3,2880,1864,mac,1.0
infinix,25990,57,intel,core i3,2,4,8,SSD,512,No secondary storage,0,intel,integrated,False,14.0,1920,1080,windows,1.0
acer,31990,57,intel,core i3,6,8,8,SSD,512,No secondary storage,0,intel,integrated,False,15.6,1920,1080,windows,1.0
dell,57300,62,intel,core i5,10,12,16,SSD,512,No secondary storage,0,intel,integrated,False,15.6,1920,1080,windows,1.0
acer,29990,59,intel,core i3,2,4,8,SSD,256,No secondary storage,0,intel,integrated,False,14.0,1920,1080,windows,1.0
hp,49990,65,amd,ryzen 5,6,12,8,SSD,512,No secondary storage,0,amd,dedicated,False,15.6,1920,1080,windows,1.0
asus,56500,64,intel,core i5,12,16,16,SSD,512,No secondary storage,0,intel,integrated,False,15.6,1920,1080,windows,1.0
asus,56990,58,amd,ryzen 7,8,16,16,SSD,512,No secondary storage,0,amd,integrated,False,15.6,1920,1080,windows,1.0
acer,60990,70,intel,core i5,8,12,16,SSD,512,No secondary storage,0,nvidia,dedicated,False,15.6,1920,1080,windows,1.0
acer,56990,67,intel,core i5,10,12,16,SSD,512,No secondary storage,0,nvidia,dedicated,False,14.0,1920,1080,windows,1.0
asus,119990,80,amd,ryzen 9,8,16,16,SSD,1024,No secondary storage,0,amd,dedicated,False,15.6,1920,1200,windows,1.0
asus,179990,77,intel,core i9,24,32,16,SSD,1024,No secondary storage,0,nvidia,dedicated,False,16.0,2560,1600,windows,1.0
asus,189990,79,intel,core i9,24,32,16,SSD,1024,No secondary storage,0,nvidia,dedicated,False,16.0,2560,1600,windows,1.0
asus,121489,78,intel,core i7,14,20,16,SSD,1024,No secondary storage,0,nvidia,dedicated,False,16.0,1920,1200,windows,1.0
asus,47830,64,intel,core i5,10,12,8,SSD,512,No secondary storage,0,intel,integrated,False,15.6,1920,1080,windows,1.0
hp,52490,65,intel,core i5,4,8,16,SSD,512,No secondary storage,0,intel,integrated,False,15.6,1920,1080,windows,1.0
msi,67990,73,intel,core i5,8,12,16,SSD,512,No secondary storage,0,nvidia,dedicated,False,15.6,1920,1080,windows,2.0
hp,40190,59,intel,core i3,6,8,8,SSD,512,No secondary storage,0,intel,integrated,False,15.6,1920,1080,windows,1.0
hp,61990,57,intel,core i5,10,12,16,SSD,512,No secondary storage,0,intel,integrated,False,15.6,1920,1080,windows,1.0
asus,89990,67,intel,core i5,12,16,16,SSD,512,No secondary storage,0,nvidia,dedicated,False,16.0,1920,1200,windows,1.0
asus,55689,64,intel,core i5,6,12,8,SSD,512,No secondary storage,0,nvidia,dedicated,False,17.3,1920,1080,windows,1.0
hp,89490,69,intel,core i7,12,16,16,SSD,1024,No secondary storage,0,intel,integrated,False,15.6,1920,1080,windows,1.0
acer,119990,75,intel,core i7,16,24,16,SSD,1024,No secondary storage,0,nvidia,dedicated,False,16.0,1920,1200,windows,1.0
msi,65490,69,intel,core i5,8,12,16,SSD,512,No secondary storage,0,nvidia,dedicated,False,15.6,1920,1080,windows,2.0
hp,34990,54,amd,ryzen 3,4,8,8,SSD,512,No secondary storage,0,amd,integrated,False,15.6,1920,1080,windows,1.0
asus,69990,70,amd,ryzen 7,8,16,16,SSD,512,No secondary storage,0,amd,integrated,True,14.0,1920,1200,windows,1.0
asus,78990,65,intel,core i5,12,16,16,SSD,512,No secondary storage,0,intel,integrated,False,15.6,2880,1620,windows,1.0
asus,105739,71,intel,core i9,14,20,16,SSD,1024,No secondary storage,0,intel,integrated,False,15.6,2880,1620,windows,1.0
asus,42990,59,intel,core i3,6,8,8,SSD,512,No secondary storage,0,intel,integrated,False,15.6,1920,1080,windows,1.0
honor,54990,66,intel,core i5,8,12,16,SSD,512,No secondary storage,0,intel,integrated,False,14.0,1920,1200,windows,1.0
lenovo,21990,53,amd,other,2,2,8,SSD,256,No secondary storage,0,amd,integrated,False,14.0,1920,1080,windows,1.0
lenovo,33400,53,intel,core i3,6,8,8,SSD,512,No secondary storage,0,intel,integrated,False,15.6,1920,1080,windows,1.0
hp,50990,67,amd,ryzen 5,6,12,8,SSD,512,No secondary storage,0,amd,dedicated,False,15.6,1920,1080,windows,1.0
dell,50990,68,amd,ryzen 5,6,12,16,SSD,512,No secondary storage,0,amd,integrated,False,14.0,1920,1080,windows,1.0
msi,43990,62,amd,ryzen 5,6,12,16,SSD,512,No secondary storage,0,amd,integrated,False,14.0,1920,1080,windows,1.0
acer,27990,49,intel,core i3,8,8,8,SSD,256,No secondary storage,0,intel,integrated,False,15.6,1920,1080,windows,1.0
msi,105990,79,intel,core i7,10,16,16,SSD,1024,No secondary storage,0,nvidia,dedicated,False,15.6,1920,1080,windows,2.0
hp,46990,68,amd,ryzen 7,8,16,8,SSD,512,No secondary storage,0,amd,integrated,False,14.0,1920,1080,windows,1.0
acer,46990,67,intel,core i5,10,12,12,SSD,512,No secondary storage,0,intel,integrated,False,15.6,1920,1080,windows,1.0
asus,53990,65,amd,ryzen 5,6,12,16,SSD,512,No secondary storage,0,amd,integrated,False,15.6,1920,1080,windows,1.0
asus,48579,60,amd,ryzen 5,4,8,16,SSD,512,No secondary storage,0,amd,integrated,False,15.6,1920,1080,windows,1.0
asus,70990,65,amd,ryzen 7,8,16,16,SSD,512,No secondary storage,0,amd,integrated,False,16.0,1920,1200,windows,1.0
samsung,69990,56,intel,core i5,10,12,8,SSD,512,No secondary storage,0,intel,integrated,False,15.6,1920,1080,windows,1.0
samsung,75990,60,intel,core i7,10,12,16,SSD,512,No secondary storage,0,intel,integrated,False,15.6,1920,1080,windows,1.0
infinix,24990,52,intel,core i3,2,4,8,SSD,256,No secondary storage,0,intel,integrated,False,15.6,1920,1080,windows,1.0
hp,70990,69,amd,ryzen 7,8,16,16,SSD,512,No secondary storage,0,nvidia,dedicated,False,15.6,1920,1080,windows,1.0
asus,30890,50,intel,core i3,2,4,8,SSD,512,No secondary storage,0,intel,integrated,False,15.6,1920,1080,windows,1.0
hp,51990,67,amd,ryzen 5,6,12,8,SSD,512,No secondary storage,0,amd,dedicated,False,15.6,1920,1080,windows,1.0
hp,57990,73,intel,core i5,6,12,16,SSD,512,No secondary storage,0,nvidia,dedicated,False,16.1,1920,1080,windows,1.0
hp,48450,62,intel,core i5,4,8,8,SSD,512,No secondary storage,0,intel,integrated,False,15.6,1920,1080,windows,1.0
hp,79990,71,intel,core i5,10,12,16,SSD,512,No secondary storage,0,intel,integrated,True,13.4,1920,1200,windows,1.0
hp,63990,64,intel,core i5,10,12,16,SSD,512,No secondary storage,0,intel,integrated,False,14.0,1920,1080,windows,1.0
hp,19299,39,amd,other,2,2,4,SSD,256,No secondary storage,0,amd,integrated,False,15.6,1920,1080,dos,1.0
dell,69999,62,intel,core i5,12,16,16,SSD,512,No secondary storage,0,intel,integrated,False,14.0,1920,1080,windows,1.0
asus,62600,73,intel,core i5,12,16,16,SSD,512,No secondary storage,0,intel,integrated,True,14.0,1920,1080,windows,1.0
lenovo,99990,78,amd,ryzen 7,8,16,16,SSD,1024,No secondary storage,0,nvidia,dedicated,False,16.0,2560,1600,windows,1.0
msi,83990,78,intel,core i7,14,20,16,SSD,512,No secondary storage,0,nvidia,dedicated,False,16.0,2560,1660,windows,2.0
hp,59871,71,amd,ryzen 5,6,12,8,SSD,512,No secondary storage,0,nvidia,dedicated,False,15.6,1920,1080,windows,1.0
hp,56999,54,intel,core i5,10,12,16,SSD,512,No secondary storage,0,intel,integrated,False,15.6,1920,1080,windows,1.0
asus,144990,85,amd,ryzen 9,8,16,16,SSD,1024,No secondary storage,0,nvidia,dedicated,False,15.6,2560,1440,windows,1.0
hp,40609,58,intel,core i3,2,4,8,SSD,512,No secondary storage,0,intel,integrated,False,15.6,1920,1080,windows,1.0
lenovo,64990,74,amd,ryzen 5,6,12,16,SSD,512,No secondary storage,0,nvidia,dedicated,False,15.6,1920,1080,windows,1.0
apple,132990,45,apple,m2,8,8,8,SSD,512,No secondary storage,0,apple,apple,False,13.6,2560,1664,mac,1.0
apple,136990,45,apple,m2,8,8,8,SSD,512,No secondary storage,0,apple,apple,False,13.3,2560,1600,mac,1.0
samsung,54990,59,intel,core i5,10,12,8,SSD,512,No secondary storage,0,intel,integrated,False,15.6,1920,1080,windows,
lenovo,24990,49,intel,celeron,4,2,4,HDD,128,SSD,128,intel,integrated,True,10.1,1200,800,windows,
hp,63990,62,intel,core i5,12,16,8,SSD,512,No secondary storage,0,intel,integrated,False,15.6,1920,1080,windows,1.0
hp,24990,52,amd,other,2,2,8,HDD,1024,No secondary storage,0,amd,integrated,False,14.0,1366,768,windows,1.0
samsung,116990,68,intel,core i7,8,16,16,SSD,512,No secondary storage,0,intel,integrated,False,15.6,1080,1920,windows,1.0
hp,41750,64,amd,ryzen 5,6,12,8,SSD,512,No secondary storage,0,amd,integrated,False,14.0,1920,1080,windows,1.0
realme,36990,52,intel,core i3,2,4,8,SSD,256,No secondary storage,0,intel,integrated,False,14.0,1440,2160,windows,1.0
dell,52199,56,intel,core i5,4,8,8,HDD,1024,SSD,256,intel,integrated,False,15.6,1920,1080,windows,
avita,21390,56,amd,ryzen 5,4,8,8,SSD,512,No secondary storage,0,amd,integrated,False,14.0,1920,1080,windows,1.0
hp,90464,56,intel,core i5,4,8,8,SSD,512,No secondary storage,0,intel,integrated,False,14.0,1920,1080,windows,3.0
dell,87990,67,intel,core i7,4,8,8,SSD,256,No secondary storage,0,nvidia,dedicated,False,13.3,1920,1080,windows,1.0
chuwi,21990,50,intel,other,4,4,8,SSD,256,No secondary storage,0,intel,integrated,False,14.1,1920,1080,windows,1.0
chuwi,34990,54,intel,core i5,4,8,16,SSD,512,No secondary storage,0,intel,integrated,False,14.0,2160,1440,windows,1.0
avita,32949,50,amd,ryzen 5,6,12,8,SSD,512,No secondary storage,0,amd,integrated,False,14.0,1920,1080,windows,1.0
lenovo,150000,64,intel,core i5,5,5,8,SSD,1024,No secondary storage,0,intel,integrated,True,13.3,2048,1536,windows,1.0
dell,208490,80,intel,core i9,24,32,16,SSD,1024,No secondary storage,0,nvidia,dedicated,False,16.0,2560,1600,windows,1.0
hp,79467,64,amd,ryzen 5,6,12,8,SSD,512,No secondary storage,0,amd,integrated,True,15.6,1920,1080,windows,1.0
lenovo,56990,57,intel,core i5,8,12,16,SSD,512,No secondary storage,0,intel,integrated,False,15.6,1920,1080,windows,1.0
lenovo,54990,58,intel,core i3,6,8,8,SSD,512,No secondary storage,0,intel,integrated,True,14.0,1920,1200,windows,1.0
hp,57500,51,intel,core i5,10,12,8,SSD,512,No secondary storage,0,intel,integrated,False,15.6,1920,1080,dos,1.0
hp,54599,58,intel,core i5,10,12,8,SSD,512,No secondary storage,0,intel,integrated,False,14.0,1366,768,dos,1.0
lenovo,62999,62,intel,core i5,10,12,8,SSD,512,No secondary storage,0,intel,integrated,False,14.0,1920,1080,dos,1.0
lenovo,36490,50,amd,ryzen 5,6,12,8,SSD,512,No secondary storage,0,amd,integrated,False,15.6,1920,1080,windows,1.0
lenovo,45990,58,intel,core i5,4,8,8,SSD,512,No secondary storage,0,intel,integrated,False,14.0,1366,768,dos,1.0
lenovo,46990,62,intel,core i5,4,8,8,SSD,512,No secondary storage,0,intel,integrated,False,14.0,1920,1080,windows,1.0
msi,66350,69,intel,core i7,8,16,16,HDD,1024,SSD,256,nvidia,dedicated,False,15.6,1920,1080,windows,
lenovo,62990,66,intel,core i7,10,12,16,SSD,512,No secondary storage,0,intel,integrated,False,15.6,1920,1080,windows,1.0
dell,36731,53,amd,ryzen 3,4,8,8,SSD,512,No secondary storage,0,amd,integrated,False,15.6,1920,1080,windows,1.0
hp,51901,62,amd,ryzen 7,8,16,16,SSD,512,No secondary storage,0,amd,integrated,False,15.6,1920,1080,windows,1.0
dell,59890,58,intel,core i3,6,8,8,SSD,512,No secondary storage,0,intel,integrated,True,14.0,1920,1200,windows,1.0
lenovo,73990,57,intel,core i5,8,12,16,SSD,1024,No secondary storage,0,intel,integrated,False,14.0,1920,1200,windows,1.0
lenovo,61990,60,intel,core i5,8,12,16,SSD,1024,No secondary storage,0,intel,integrated,False,14.0,1920,1200,windows,1.0
hp,67288,52,intel,core i7,10,12,8,SSD,512,No secondary storage,0,intel,integrated,False,15.6,1920,1080,dos,1.0
dell,34990,49,intel,core i3,2,4,8,SSD,512,No secondary storage,0,intel,integrated,False,15.6,1920,1080,windows,1.0
lenovo,74900,63,intel,core i5,10,12,8,SSD,512,No secondary storage,0,intel,integrated,False,14.0,1920,1080,dos,
dell,152000,59,intel,core i5,10,12,16,SSD,512,No secondary storage,0,intel,integrated,True,14.0,1920,1200,windows,
lenovo,31990,51,intel,core i3,2,4,8,SSD,256,No secondary storage,0,intel,integrated,False,15.6,1920,1080,windows,1.0
acer,29990,47,intel,core i3,8,8,8,SSD,512,No secondary storage,0,intel,integrated,False,15.6,1920,1080,windows,1.0
acer,46500,64,intel,core i5,4,8,16,SSD,1024,No secondary storage,0,intel,integrated,False,15.6,1920,1080,windows,1.0
lenovo,218990,64,intel,core i7,10,12,16,SSD,1024,No secondary storage,0,intel,integrated,False,14.0,1920,1200,windows,1.0
avita,32550,51,intel,core i3,6,8,8,SSD,512,No secondary storage,0,intel,integrated,False,15.6,1920,1080,windows,1.0
acer,49990,64,intel,core i7,4,8,16,SSD,512,No secondary storage,0,intel,integrated,False,14.0,1920,1080,windows,1.0
acer,44999,64,intel,core i5,10,12,16,SSD,512,No secondary storage,0,intel,integrated,False,15.6,1920,1080,windows,1.0
acer,42999,62,intel,core i5,10,12,8,SSD,512,No secondary storage,0,intel,integrated,False,15.6,1920,1080,windows,1.0
avita,19421,41,intel,celeron,2,2,8,SSD,256,No secondary storage,0,intel,integrated,False,14.0,1920,1080,windows,1.0
apple,189900,53,apple,m3,8,8,8,SSD,1024,No secondary storage,0,apple,apple,False,14.2,3024,1964,mac,1.0
apple,239900,58,apple,m3,12,12,8,SSD,1024,No secondary storage,0,apple,apple,False,14.2,3024,1964,mac,1.0
lenovo,123190,67,intel,core i7,12,16,16,SSD,1024,No secondary storage,0,intel,integrated,True,13.3,2560,1600,windows,1.0
asus,32825,37,intel,celeron,2,2,8,HDD,128,No secondary storage,0,intel,integrated,False,15.6,1920,1080,chrome,1.0
lenovo,68990,66,amd,ryzen 5,6,12,8,SSD,512,No secondary storage,0,nvidia,dedicated,False,15.6,1920,1080,windows,1.0
acer,46990,63,intel,core i5,10,12,8,SSD,512,No secondary storage,0,intel,integrated,False,15.6,1920,1080,windows,1.0
lenovo,107911,75,amd,ryzen 7,8,16,16,SSD,512,No secondary storage,0,nvidia,dedicated,False,15.6,1920,1080,windows,1.0
lenovo,51894,65,amd,ryzen 5,4,8,8,SSD,512,No secondary storage,0,nvidia,dedicated,False,15.6,1920,1080,windows,1.0
asus,30199,44,intel,celeron,2,2,8,HDD,128,No secondary storage,0,intel,integrated,True,14.0,1920,1080,chrome,1.0
avita,20999,43,intel,celeron,2,2,8,SSD,512,No secondary storage,0,intel,integrated,False,15.6,1920,1080,windows,1.0
apple,169900,51,apple,m3,8,8,8,SSD,512,No secondary storage,0,apple,apple,False,14.2,3024,1964,mac,1.0
hp,155299,70,intel,core i7,10,12,16,SSD,512,No secondary storage,0,intel,integrated,True,13.5,3000,2000,windows,1.0
hp,111943,78,amd,ryzen 7,8,16,16,SSD,1024,No secondary storage,0,nvidia,dedicated,False,16.1,1920,1080,windows,1.0
hp,76599,69,intel,core i5,10,12,16,SSD,512,No secondary storage,0,intel,integrated,False,14.0,1366,768,windows,1.0
hp,40990,57,intel,core i3,6,8,8,SSD,512,No secondary storage,0,intel,integrated,False,15.6,1920,1080,windows,1.0
acer,46490,63,intel,core i5,4,8,8,SSD,1024,No secondary storage,0,intel,integrated,False,15.6,1920,1080,windows,1.0
lenovo,46990,57,intel,core i5,10,12,8,SSD,512,No secondary storage,0,intel,integrated,False,14.0,1920,1080,dos,3.0
hp,99470,77,intel,core i7,10,16,16,SSD,512,No secondary storage,0,nvidia,dedicated,False,15.6,1920,1080,windows,1.0
lenovo,359095,86,intel,core i9,24,32,32,SSD,1024,No secondary storage,0,nvidia,dedicated,False,16.0,2560,1600,windows,1.0
microsoft,79990,58,intel,core i5,10,12,8,SSD,256,No secondary storage,0,intel,integrated,True,12.4,1536,1024,windows,1.0
acer,56990,56,intel,core i5,10,12,16,SSD,512,No secondary storage,0,intel,integrated,False,14.0,1920,1200,windows,1.0
acer,39800,62,amd,ryzen 5,6,12,16,SSD,1024,No secondary storage,0,amd,integrated,False,15.6,1920,1080,windows,1.0
dell,88990,64,intel,core i5,10,12,8,SSD,512,No secondary storage,0,intel,integrated,True,14.0,1920,1200,windows,1.0
lenovo,55190,70,intel,core i5,4,8,16,SSD,512,No secondary storage,0,nvidia,dedicated,False,15.6,1920,1080,windows,1.0
hp,112990,76,amd,ryzen 7,8,16,16,SSD,1024,No secondary storage,0,nvidia,dedicated,False,16.1,1920,1080,windows,1.0
asus,86500,67,amd,ryzen 7,8,16,16,SSD,1024,No secondary storage,0,nvidia,dedicated,False,15.6,1920,1080,windows,1.0
msi,199990,80,intel,core i7,16,24,16,SSD,1024,No secondary storage,0,nvidia,dedicated,False,16.0,2560,1600,windows,1.0
dell,105490,75,intel,core i7,14,20,16,SSD,1024,No secondary storage,0,nvidia,dedicated,False,15.6,1920,1080,windows,1.0
lenovo,61990,69,amd,ryzen 5,6,12,16,SSD,512,No secondary storage,0,amd,integrated,True,14.0,1920,1200,windows,1.0
asus,47550,58,amd,ryzen 5,4,8,8,SSD,512,No secondary storage,0,amd,integrated,False,14.0,1920,1080,windows,1.0
asus,64990,65,amd,ryzen 5,6,12,16,SSD,1024,No secondary storage,0,intel,integrated,False,15.6,1920,1080,windows,1.0
lenovo,49499,54,intel,core i3,2,4,8,SSD,512,No secondary storage,0,intel,integrated,False,14.0,1920,1080,dos,3.0
lenovo,36990,53,amd,ryzen 5,4,8,8,SSD,512,No secondary storage,0,amd,integrated,False,15.6,1920,1080,windows,1.0
hp,90999,72,intel,core i5,12,16,16,SSD,512,No secondary storage,0,nvidia,dedicated,False,16.1,1920,1080,windows,1.0
lenovo,34590,57,intel,core i3,6,8,8,SSD,256,No secondary storage,0,intel,integrated,False,15.6,1920,1080,windows,1.0
lenovo,32490,56,amd,ryzen 3,4,8,8,SSD,512,No secondary storage,0,amd,integrated,False,15.6,1920,1080,windows,1.0
asus,99111,69,intel,core i5,12,16,16,SSD,512,No secondary storage,0,nvidia,dedicated,False,16.0,1920,1200,windows,1.0
lenovo,55700,69,intel,core i5,4,8,8,SSD,512,No secondary storage,0,nvidia,dedicated,False,15.6,1920,1080,windows,1.0
hp,35900,60,intel,core i3,6,8,8,SSD,512,No secondary storage,0,intel,integrated,False,15.6,1366,768,windows,1.0
lenovo,70190,67,amd,ryzen 7,8,16,8,SSD,512,No secondary storage,0,nvidia,dedicated,False,15.6,1920,1080,windows,1.0
lenovo,92190,75,intel,core i5,12,16,16,SSD,1024,No secondary storage,0,intel,integrated,True,14.0,2880,1800,windows,1.0
asus,27990,45,intel,celeron,2,2,8,SSD,256,No secondary storage,0,intel,integrated,False,14.0,1920,1080,windows,1.0
asus,79970,63,amd,ryzen 7,8,16,16,SSD,512,No secondary storage,0,nvidia,dedicated,False,15.6,1920,1080,windows,1.0
acer,23990,38,intel,celeron,2,2,8,SSD,64,No secondary storage,0,intel,integrated,False,14.0,1080,1920,chrome,1.0
dell,51487,58,intel,core i3,2,4,8,SSD,512,No secondary storage,0,intel,integrated,False,15.6,1920,1080,windows,1.0
lenovo,51990,63,amd,ryzen 5,4,8,8,SSD,512,No secondary storage,0,nvidia,dedicated,False,15.6,1920,1080,windows,1.0
dell,56990,57,intel,core i3,6,8,8,SSD,256,No secondary storage,0,intel,integrated,True,14.0,1920,1200,windows,1.0
hp,342500,88,intel,core i9,24,32,32,SSD,1024,No secondary storage,0,nvidia,dedicated,False,17.3,2560,1440,windows,1.0
zebronics,39990,66,intel,core i5,10,12,8,SSD,512,No secondary storage,0,intel,integrated,False,15.6,1920,1080,windows,1.0
zebronics,32990,60,intel,core i5,4,8,8,SSD,512,No secondary storage,0,intel,integrated,False,15.6,1920,1080,windows,1.0
primebook,12990,31,other,other,8,0,4,HDD,64,No secondary storage,0,arm,integrated,False,11.6,1366,768,other,1.0
acer,63999,65,intel,core i5,8,12,16,SSD,512,No secondary storage,0,nvidia,dedicated,False,15.6,1920,1080,windows,1.0
acer,65990,62,intel,core i5,8,12,8,SSD,512,No secondary storage,0,nvidia,dedicated,False,15.6,1920,1080,windows,1.0
ultimus,16490,47,intel,celeron,2,2,8,SSD,256,No secondary storage,0,intel,integrated,False,14.1,1366,768,windows,1.0
hp,53190,62,intel,core i5,10,12,8,SSD,512,No secondary storage,0,intel,integrated,False,15.6,1920,1080,windows,1.0
zebronics,50990,72,intel,core i7,10,12,16,SSD,512,No secondary storage,0,intel,integrated,False,15.6,1920,1080,windows,1.0
hp,92590,70,amd,ryzen 7,8,16,16,SSD,1024,No secondary storage,0,amd,integrated,False,14.0,2880,1800,windows,1.0
hp,259499,85,intel,core i7,16,24,16,SSD,1024,No secondary storage,0,nvidia,dedicated,False,17.3,2560,1440,windows,1.0
hp,292999,88,intel,core i9,24,32,32,SSD,2048,No secondary storage,0,nvidia,dedicated,False,16.1,2560,1600,windows,1.0
hp,165999,79,intel,core i7,16,24,16,SSD,512,No secondary storage,0,nvidia,dedicated,False,17.3,1920,1080,windows,1.0
hp,168500,78,intel,core i7,16,24,16,SSD,512,No secondary storage,0,nvidia,dedicated,False,16.1,2560,1600,windows,1.0
asus,85990,70,intel,core i5,12,16,8,SSD,512,No secondary storage,0,nvidia,dedicated,False,17.3,1920,1080,windows,1.0
lenovo,84990,58,intel,core i5,12,16,16,SSD,1024,No secondary storage,0,intel,integrated,False,14.0,1920,1200,windows,1.0
lenovo,80190,57,intel,core i5,12,16,16,SSD,512,No secondary storage,0,intel,integrated,False,14.0,1920,1200,windows,1.0
lenovo,109190,63,intel,core i7,14,20,16,SSD,1024,No secondary storage,0,nvidia,dedicated,False,16.0,2560,1600,windows,3.0
lenovo,54190,65,amd,ryzen 5,6,12,8,SSD,512,No secondary storage,0,nvidia,dedicated,False,15.6,1920,1080,windows,1.0
lenovo,54190,69,intel,core i5,4,8,8,SSD,512,No secondary storage,0,nvidia,dedicated,False,15.6,1920,1080,windows,1.0
asus,14990,38,intel,celeron,2,2,4,HDD,32,No secondary storage,0,intel,integrated,False,11.6,1366,768,chrome,1.0
asus,66718,66,intel,core i5,6,12,16,SSD,512,No secondary storage,0,nvidia,dedicated,False,17.3,1920,1080,windows,1.0
asus,53990,51,intel,core i5,10,12,8,SSD,512,No secondary storage,0,intel,integrated,False,15.6,1920,1080,windows,1.0
asus,20990,38,intel,celeron,2,2,8,SSD,128,No secondary storage,0,intel,integrated,False,14.0,1920,1080,chrome,1.0
lenovo,78190,64,intel,core i5,10,12,16,SSD,512,No secondary storage,0,intel,integrated,True,14.0,1920,1200,windows,1.0
lenovo,39990,56,amd,ryzen 5,6,12,8,SSD,512,No secondary storage,0,amd,integrated,False,15.6,1920,1080,windows,1.0
dell,61990,53,intel,core i5,10,12,8,SSD,512,No secondary storage,0,intel,integrated,False,14.0,1920,1080,windows,1.0
hp,38990,57,intel,core i3,6,8,8,SSD,512,No secondary storage,0,intel,integrated,False,15.6,1920,1080,windows,1.0
lenovo,93190,58,intel,core i7,14,20,16,SSD,512,No secondary storage,0,intel,integrated,False,14.0,1920,1200,windows,1.0
lenovo,164190,84,amd,ryzen 7,8,16,16,SSD,1024,No secondary storage,0,nvidia,dedicated,False,16.0,2560,1600,windows,1.0
lenovo,298990,85,intel,core i9,24,32,32,SSD,1024,No secondary storage,0,nvidia,dedicated,False,16.0,2560,1600,windows,1.0
lenovo,139190,78,intel,core i7,10,16,16,SSD,1024,No secondary storage,0,nvidia,dedicated,False,16.0,2560,1600,windows,1.0
lenovo,70190,58,intel,core i5,8,12,16,SSD,512,No secondary storage,0,intel,integrated,False,14.0,1920,1200,windows,2.0
lenovo,103395,77,amd,ryzen 7,8,16,16,SSD,512,No secondary storage,0,nvidia,dedicated,False,16.0,2560,1600,windows,1.0
lenovo,39990,57,amd,ryzen 5,4,8,8,SSD,512,No secondary storage,0,amd,integrated,False,15.6,1920,1080,windows,1.0
msi,449990,89,intel,core i9,24,32,4,SSD,2048,No secondary storage,0,nvidia,dedicated,False,16.0,2560,1600,windows,2.0
lenovo,90000,65,intel,core i7,10,12,16,SSD,512,No secondary storage,0,intel,integrated,True,14.0,1920,1200,windows,1.0
lenovo,34990,57,intel,core i3,6,8,8,SSD,256,No secondary storage,0,intel,integrated,False,15.6,1920,1080,windows,1.0
msi,79990,70,amd,ryzen 7,8,16,16,SSD,512,No secondary storage,0,amd,dedicated,False,15.6,1920,1080,windows,1.0
hp,28990,47,intel,celeron,2,2,8,SSD,512,No secondary storage,0,intel,integrated,False,14.0,1366,768,windows,1.0
acer,49990,67,intel,core i7,4,8,16,SSD,1024,No secondary storage,0,intel,integrated,False,14.0,1920,1080,windows,1.0
acer,61700,65,intel,core i5,10,12,16,SSD,512,No secondary storage,0,nvidia,dedicated,False,15.6,1920,1080,windows,1.0
lenovo,32990,57,amd,ryzen 3,4,8,8,SSD,512,No secondary storage,0,amd,integrated,False,15.6,1920,1080,windows,1.0
lenovo,49990,67,intel,core i5,4,8,8,SSD,512,No secondary storage,0,nvidia,dedicated,False,15.6,1920,1080,windows,1.0
asus,86689,73,intel,core i9,14,20,16,SSD,1024,No secondary storage,0,intel,integrated,False,16.0,1920,1200,windows,1.0
acer,25490,38,intel,celeron,2,2,8,SSD,128,No secondary storage,0,intel,integrated,False,14.0,1280,1024,chrome,1.0
dell,68028,53,intel,core i5,4,8,8,SSD,512,No secondary storage,0,intel,integrated,False,15.6,1920,1080,windows,1.0
hp,89999,70,intel,core i5,4,8,16,SSD,512,No secondary storage,0,intel,integrated,False,14.0,1920,1080,windows,1.0
asus,69437,58,amd,ryzen 5,6,12,16,SSD,1024,No secondary storage,0,amd,integrated,True,14.0,1920,1200,windows,1.0
asus,73990,62,amd,ryzen 7,8,16,16,SSD,1024,No secondary storage,0,amd,integrated,True,14.0,1920,1200,windows,1.0
lenovo,39990,58,amd,ryzen 5,4,8,8,SSD,512,No secondary storage,0,amd,integrated,False,15.6,1920,1080,windows,1.0
lenovo,63712,60,amd,ryzen 5,6,12,8,SSD,512,No secondary storage,0,nvidia,dedicated,False,15.6,1920,1080,windows,1.0
lenovo,49990,62,amd,ryzen 5,4,8,8,SSD,512,No secondary storage,0,nvidia,dedicated,False,15.6,1920,1080,windows,1.0
lenovo,32990,51,intel,core i3,6,8,8,SSD,256,No secondary storage,0,intel,integrated,False,15.6,1920,1080,windows,1.0
dell,56340,57,intel,core i5,4,8,8,SSD,512,No secondary storage,0,intel,integrated,False,15.6,1920,1080,windows,1.0
lenovo,30190,46,amd,other,2,2,8,SSD,512,No secondary storage,0,amd,integrated,False,15.6,1366,768,windows,1.0
dell,56880,57,intel,core i5,10,12,16,SSD,512,No secondary storage,0,intel,integrated,False,15.6,1920,1080,windows,1.0
dell,56990,56,intel,core i5,10,12,8,SSD,512,No secondary storage,0,intel,integrated,False,15.6,1920,1080,windows,1.0
acer,39990,58,intel,core i3,6,8,16,SSD,512,No secondary storage,0,intel,integrated,False,15.6,1920,1080,windows,1.0
lenovo,29990,51,amd,ryzen 3,4,8,8,SSD,512,No secondary storage,0,amd,integrated,False,14.0,1920,1080,windows,1.0
lenovo,46990,63,intel,core i5,10,12,8,SSD,512,No secondary storage,0,intel,integrated,False,15.6,1920,1080,windows,1.0
dell,50990,57,intel,core i5,10,12,8,SSD,512,No secondary storage,0,intel,integrated,False,15.6,1920,1080,windows,1.0
lenovo,54990,64,intel,core i7,10,12,16,SSD,512,No secondary storage,0,intel,integrated,False,15.6,1920,1080,windows,1.0
dell,38990,56,amd,ryzen 5,6,12,8,SSD,512,No secondary storage,0,amd,integrated,False,15.6,1920,1080,windows,1.0
msi,196580,83,intel,core i7,14,20,32,SSD,1024,No secondary storage,0,nvidia,dedicated,False,16.0,1920,1200,windows,2.0
asus,99990,70,intel,core i5,10,16,16,SSD,1024,No secondary storage,0,nvidia,dedicated,False,16.0,1920,1200,windows,1.0
hp,74999,64,intel,core i5,10,12,8,SSD,512,No secondary storage,0,intel,integrated,False,14.0,1366,768,windows,1.0
lenovo,42499,43,intel,core i3,5,6,8,SSD,512,No secondary storage,0,intel,integrated,False,15.6,1920,1080,windows,1.0
lenovo,67990,69,amd,ryzen 5,6,12,16,SSD,512,No secondary storage,0,amd,integrated,True,14.0,1920,1200,windows,1.0
asus,86189,71,amd,ryzen 7,8,16,16,SSD,512,No secondary storage,0,nvidia,dedicated,False,17.3,1920,1080,windows,1.0
lenovo,36650,58,intel,core i3,2,4,8,SSD,512,No secondary storage,0,intel,integrated,False,15.6,1920,1080,windows,1.0
hp,113999,75,intel,core i7,10,12,16,SSD,1024,No secondary storage,0,intel,integrated,False,16.0,1920,1200,windows,1.0
dell,65990,57,intel,core i5,10,12,16,SSD,1024,No secondary storage,0,intel,integrated,False,15.6,1920,1080,windows,1.0
lenovo,48990,59,intel,core i5,4,8,16,SSD,512,No secondary storage,0,intel,integrated,False,15.6,1920,1080,windows,1.0
lenovo,49990,65,intel,core i5,4,8,8,SSD,512,No secondary storage,0,nvidia,dedicated,False,15.6,1920,1080,windows,1.0
acer,34990,62,intel,core i3,2,4,16,SSD,512,No secondary storage,0,intel,integrated,False,15.6,1920,1080,windows,1.0
lenovo,86990,71,amd,ryzen 7,8,16,16,SSD,1024,No secondary storage,0,amd,integrated,True,13.3,1920,1200,windows,1.0
lenovo,65990,63,amd,ryzen 7,8,16,16,SSD,512,No secondary storage,0,amd,integrated,True,14.0,1920,1200,windows,1.0
microsoft,97490,60,intel,core i5,10,12,16,SSD,256,No secondary storage,0,intel,integrated,True,12.4,1536,1024,windows,1.0
ultimus,22913,52,intel,core i3,2,4,8,SSD,256,No secondary storage,0,intel,integrated,False,14.1,1920,1080,windows,1.0
lenovo,185990,89,intel,core i9,14,20,16,SSD,1024,No secondary storage,0,nvidia,dedicated,False,16.0,3200,2000,windows,1.0
dell,99480,62,intel,core i7,10,12,16,SSD,1024,No secondary storage,0,intel,integrated,True,14.0,1920,1200,windows,1.0
lenovo,128990,83,amd,ryzen 7,8,16,16,SSD,512,No secondary storage,0,nvidia,dedicated,False,16.0,2560,1600,windows,1.0
lenovo,113990,79,amd,ryzen 7,8,16,16,SSD,512,No secondary storage,0,nvidia,dedicated,False,16.0,1920,1200,windows,1.0
hp,51990,67,amd,ryzen 5,6,12,8,SSD,512,No secondary storage,0,amd,dedicated,False,15.6,1920,1080,windows,1.0
lenovo,51990,67,intel,core i5,4,8,8,SSD,512,No secondary storage,0,nvidia,dedicated,False,15.6,1920,1080,windows,1.0
hp,90689,70,intel,core i7,10,12,16,SSD,512,No secondary storage,0,intel,integrated,True,14.0,1920,1080,windows,1.0
lenovo,69990,66,intel,core i5,8,12,16,SSD,512,No secondary storage,0,nvidia,dedicated,False,15.6,1920,1080,windows,1.0
lenovo,47990,56,intel,core i5,10,12,8,SSD,512,No secondary storage,0,intel,integrated,False,14.0,1920,1080,windows,3.0
lenovo,100190,65,intel,core i7,14,20,16,SSD,1024,No secondary storage,0,intel,integrated,False,14.5,2560,1600,windows,1.0
hp,40100,57,amd,ryzen 3,4,8,8,SSD,512,No secondary storage,0,amd,integrated,False,15.6,1920,1080,windows,1.0
lenovo,137490,83,amd,ryzen 7,8,16,16,SSD,512,No secondary storage,0,nvidia,dedicated,False,16.0,2560,1600,windows,1.0
lenovo,53990,69,amd,ryzen 7,8,16,16,SSD,512,No secondary storage,0,amd,integrated,False,16.0,1920,1080,windows,1.0
acer,42990,50,intel,core i3,5,6,8,SSD,512,No secondary storage,0,intel,integrated,False,15.6,1920,1080,windows,1.0
asus,28190,43,intel,celeron,2,2,8,SSD,512,No secondary storage,0,intel,integrated,False,15.6,1366,768,windows,1.0
fujitsu,73990,67,intel,core i7,10,12,16,SSD,512,No secondary storage,0,intel,integrated,False,13.3,1920,1080,windows,2.0
asus,73463,67,amd,ryzen 7,8,16,16,SSD,1024,No secondary storage,0,amd,integrated,False,15.6,1920,1080,windows,1.0
asus,44990,59,intel,core i3,6,8,16,SSD,512,No secondary storage,0,intel,integrated,False,15.6,1920,1080,windows,1.0
asus,60379,60,intel,core i5,10,12,16,SSD,512,No secondary storage,0,intel,integrated,False,15.6,1920,1080,windows,1.0
hp,75890,59,intel,core i5,10,12,16,SSD,1024,No secondary storage,0,intel,integrated,False,15.6,1920,1080,windows,1.0
hp,27990,51,intel,celeron,2,2,8,SSD,512,No secondary storage,0,intel,integrated,False,15.6,1366,768,windows,1.0
lenovo,37000,52,intel,core i3,2,4,8,SSD,512,No secondary storage,0,intel,integrated,False,15.6,1920,1080,windows,1.0
lenovo,88190,58,intel,core i7,10,12,16,SSD,512,No secondary storage,0,intel,integrated,True,14.0,1920,1200,windows,1.0
lenovo,62990,60,intel,core i7,4,8,16,SSD,512,No secondary storage,0,intel,integrated,False,15.6,1920,1080,windows,1.0
asus,73990,64,amd,ryzen 7,8,16,16,SSD,1024,No secondary storage,0,nvidia,dedicated,False,15.6,1920,1080,windows,1.0
asus,69990,63,amd,ryzen 5,6,12,16,SSD,1024,No secondary storage,0,nvidia,dedicated,False,15.6,1920,1080,windows,1.0
lenovo,66389,62,amd,ryzen 5,6,12,16,SSD,512,No secondary storage,0,amd,integrated,False,14.0,1920,1200,windows,1.0
hp,60999,58,intel,core i5,10,12,8,SSD,512,No secondary storage,0,intel,integrated,False,15.6,1366,768,windows,1.0
lenovo,71990,58,intel,core i5,12,16,16,SSD,1024,No secondary storage,0,intel,integrated,False,16.0,1920,1200,windows,1.0
lenovo,61859,58,intel,core i5,8,12,16,SSD,512,No secondary storage,0,intel,integrated,False,16.0,1920,1200,windows,1.0
asus,98990,73,intel,core i7,10,16,16,SSD,1024,No secondary storage,0,nvidia,dedicated,False,16.0,1920,1200,windows,1.0
lenovo,36990,53,intel,core i3,6,8,8,SSD,512,No secondary storage,0,intel,integrated,False,15.6,1920,1080,windows,1.0
dell,59990,53,intel,core i5,10,12,8,SSD,1024,No secondary storage,0,intel,integrated,False,15.6,1920,1080,windows,1.0
acer,56990,72,intel,core i5,8,12,16,SSD,512,No secondary storage,0,nvidia,dedicated,False,15.6,1920,1080,windows,1.0
acer,52990,70,intel,core i5,8,12,8,SSD,512,No secondary storage,0,nvidia,dedicated,False,15.6,1920,1080,windows,1.0
asus,90990,64,intel,core i7,14,20,16,SSD,1024,No secondary storage,0,nvidia,dedicated,False,15.6,1920,1080,windows,1.0
asus,114990,72,intel,core i7,10,16,16,SSD,512,No secondary storage,0,nvidia,dedicated,False,16.0,1920,1200,windows,1.0
asus,16990,37,intel,celeron,2,2,4,SSD,64,No secondary storage,0,intel,integrated,False,14.0,1920,1080,chrome,1.0
asus,25751,41,intel,celeron,2,2,4,SSD,64,No secondary storage,0,intel,integrated,True,14.0,1920,1080,chrome,1.0
asus,18990,37,intel,celeron,2,2,4,SSD,128,No secondary storage,0,intel,integrated,False,14.0,1920,1080,chrome,1.0
asus,44639,57,intel,core i3,6,8,8,SSD,512,No secondary storage,0,intel,integrated,False,16.0,1920,1200,windows,1.0
hp,44490,62,intel,core i3,6,8,8,SSD,512,No secondary storage,0,intel,integrated,False,15.6,1366,768,windows,1.0
asus,22991,37,intel,celeron,2,2,8,SSD,64,No secondary storage,0,intel,integrated,False,15.6,1920,1080,chrome,1.0
gigabyte,89990,73,intel,core i5,12,16,8,SSD,512,No secondary storage,0,nvidia,dedicated,False,15.6,1920,1080,windows,2.0
lenovo,62190,63,intel,core i5,8,12,16,SSD,512,No secondary storage,0,intel,integrated,False,16.0,1920,1200,windows,1.0
asus,98468,72,intel,core i7,10,16,16,SSD,512,No secondary storage,0,nvidia,dedicated,False,16.0,1920,1200,windows,1.0
lenovo,58990,58,intel,core i3,6,8,8,SSD,512,No secondary storage,0,intel,integrated,True,14.0,1920,1200,windows,1.0
lenovo,60190,59,intel,core i5,8,12,16,SSD,512,No secondary storage,0,intel,integrated,False,14.0,1920,1080,windows,1.0
fujitsu,73990,65,intel,core i5,10,12,16,SSD,512,No secondary storage,0,intel,integrated,False,14.0,1920,1200,windows,2.0
lenovo,64190,69,amd,ryzen 7,8,16,16,SSD,512,No secondary storage,0,amd,integrated,False,14.0,1920,1200,windows,1.0
lenovo,41990,58,amd,ryzen 5,4,8,8,SSD,512,No secondary storage,0,amd,integrated,False,15.6,1920,1080,windows,1.0
lenovo,44990,60,amd,ryzen 5,4,8,16,SSD,512,No secondary storage,0,amd,integrated,False,15.6,1920,1080,windows,1.0
lenovo,45490,56,intel,core i5,10,12,8,SSD,512,No secondary storage,0,intel,integrated,False,15.6,1920,1080,dos,1.0
asus,75990,65,intel,core i5,8,12,16,SSD,512,No secondary storage,0,nvidia,dedicated,False,16.0,1920,1200,windows,1.0
asus,75990,66,intel,core i5,8,12,16,SSD,512,No secondary storage,0,nvidia,dedicated,False,16.0,1920,1200,windows,1.0
asus,94369,70,intel,core i5,8,12,16,SSD,512,No secondary storage,0,nvidia,dedicated,False,16.0,1920,1200,windows,1.0
msi,62990,71,intel,core i5,6,12,16,SSD,512,No secondary storage,0,nvidia,dedicated,False,15.6,1920,1080,windows,2.0
lenovo,47490,65,intel,core i3,6,8,8,SSD,512,No secondary storage,0,intel,integrated,False,15.6,1920,1080,windows,1.0
msi,94990,76,intel,core i7,10,16,16,SSD,512,No secondary storage,0,nvidia,dedicated,False,15.6,1920,1080,windows,2.0
acer,36990,63,amd,ryzen 5,6,12,16,SSD,512,No secondary storage,0,amd,integrated,False,14.0,1366,768,windows,1.0
acer,41990,60,amd,ryzen 5,6,12,8,SSD,512,No secondary storage,0,amd,integrated,False,14.0,1366,768,windows,1.0
asus,40926,57,intel,core i3,6,8,8,SSD,512,No secondary storage,0,intel,integrated,False,15.6,1920,1080,windows,1.0
asus,71600,62,amd,ryzen 5,6,12,16,SSD,512,No secondary storage,0,nvidia,dedicated,False,15.6,1920,1080,windows,1.0
asus,33990,56,amd,ryzen 3,4,8,8,SSD,512,No secondary storage,0,amd,integrated,False,14.0,1920,1080,windows,1.0
hp,182990,78,amd,ryzen 9,8,16,32,SSD,1024,No secondary storage,0,nvidia,dedicated,False,16.1,2560,1440,windows,1.0
dell,37490,58,intel,core i3,2,4,8,SSD,512,No secondary storage,0,intel,integrated,False,15.6,1920,1080,windows,1.0
dell,85990,57,intel,core i7,10,12,16,SSD,1024,No secondary storage,0,intel,integrated,False,14.0,1920,1080,windows,1.0
asus,57990,69,intel,core i5,6,12,16,SSD,512,No secondary storage,0,nvidia,dedicated,False,15.6,1920,1080,windows,1.0
hp,58070,63,amd,ryzen 5,6,12,8,SSD,512,No secondary storage,0,nvidia,dedicated,False,15.6,1920,1080,windows,1.0
fujitsu,109990,76,intel,core i7,12,16,16,SSD,1024,No secondary storage,0,intel,integrated,True,14.0,1920,1200,windows,2.0
hp,31990,51,amd,ryzen 3,2,4,8,SSD,512,No secondary storage,0,amd,integrated,False,15.6,1920,1080,windows,1.0
hp,152990,70,intel,core i7,16,24,16,SSD,512,No secondary storage,0,nvidia,dedicated,False,16.1,1920,1080,windows,1.0
lenovo,58850,64,intel,core i5,4,8,8,SSD,512,No secondary storage,0,nvidia,dedicated,False,15.6,1920,1080,windows,1.0
dell,223275,78,intel,core i9,14,20,32,SSD,1024,No secondary storage,0,nvidia,dedicated,False,15.6,1920,1080,windows,1.0
asus,59990,63,amd,ryzen 5,6,12,16,SSD,512,No secondary storage,0,nvidia,dedicated,False,15.6,1920,1080,windows,1.0
lenovo,63990,60,intel,core i5,8,12,16,SSD,1024,No secondary storage,0,intel,integrated,False,14.0,1920,1200,windows,1.0
wings,26990,51,intel,core i3,4,8,8,SSD,512,No secondary storage,0,intel,integrated,False,15.6,1080,1920,windows,1.0
acer,41490,45,intel,core i3,8,8,8,SSD,512,No secondary storage,0,intel,integrated,False,14.0,1920,1200,windows,1.0
lenovo,70190,60,intel,core i5,12,16,16,SSD,512,No secondary storage,0,intel,integrated,False,16.0,1920,1200,windows,1.0
lenovo,36690,60,intel,core i3,2,4,8,SSD,512,No secondary storage,0,intel,integrated,False,15.6,1920,1080,windows,1.0
lenovo,67190,62,intel,core i5,8,12,16,SSD,512,No secondary storage,0,intel,integrated,False,14.0,1920,1200,windows,2.0
infinix,44990,57,intel,core i7,10,12,16,SSD,512,No secondary storage,0,intel,integrated,False,14.0,1920,1080,windows,1.0
lenovo,46990,65,intel,core i5,4,8,16,SSD,512,No secondary storage,0,intel,integrated,False,15.6,1920,1080,windows,1.0
dell,45870,56,intel,core i3,5,6,8,SSD,1024,No secondary storage,0,intel,integrated,False,15.6,1920,1080,windows,1.0
dell,38349,58,intel,core i3,2,4,8,SSD,512,No secondary storage,0,intel,integrated,False,15.6,1920,1080,windows,1.0
lenovo,84190,64,intel,core i7,14,20,16,SSD,512,No secondary storage,0,intel,integrated,False,16.0,1920,1080,windows,1.0
lenovo,86990,62,intel,core i7,10,16,16,SSD,512,No secondary storage,0,intel,integrated,False,14.0,1920,1200,windows,1.0
dell,98990,63,intel,core i7,12,16,16,SSD,1024,No secondary storage,0,intel,integrated,False,13.3,2560,1600,windows,1.0
dell,32990,58,amd,ryzen 3,4,8,8,SSD,512,No secondary storage,0,amd,integrated,False,15.6,1920,1080,windows,1.0
dell,87490,62,intel,core i5,12,16,16,SSD,1024,No secondary storage,0,intel,integrated,False,13.3,2560,1600,windows,1.0
dell,47990,54,amd,ryzen 5,4,8,8,SSD,1024,No secondary storage,0,amd,integrated,False,15.6,1920,1080,windows,1.0
dell,77490,59,intel,core i5,10,12,8,SSD,1024,No secondary storage,0,intel,integrated,True,14.0,1920,1200,windows,1.0
dell,41433,57,intel,core i3,5,6,8,SSD,512,No secondary storage,0,intel,integrated,False,14.0,1920,1080,windows,1.0
hp,74950,71,amd,ryzen 5,6,12,16,SSD,512,No secondary storage,0,nvidia,dedicated,False,15.6,1920,1080,windows,1.0
dell,87290,60,intel,core i5,10,12,16,SSD,1024,No secondary storage,0,intel,integrated,True,14.0,1920,1200,windows,1.0
dell,60490,63,intel,core i5,10,12,8,SSD,512,No secondary storage,0,intel,integrated,False,14.0,1920,1080,windows,1.0
lenovo,77990,60,intel,core i5,12,16,16,SSD,512,No secondary storage,0,intel,integrated,False,14.0,1920,1200,windows,1.0
asus,89990,76,intel,core i7,14,20,16,SSD,1024,No secondary storage,0,nvidia,dedicated,False,15.6,1920,1080,windows,1.0
msi,96990,76,intel,core i7,10,16,16,SSD,1024,No secondary storage,0,nvidia,dedicated,False,15.6,1920,1080,windows,1.0
msi,104990,77,intel,core i7,10,16,16,SSD,512,No secondary storage,0,nvidia,dedicated,False,15.6,1920,1080,windows,2.0
msi,149990,79,intel,core i7,10,16,16,SSD,1024,No secondary storage,0,nvidia,dedicated,False,17.3,1920,1080,windows,2.0
msi,149990,76,intel,core i7,14,20,8,SSD,1024,No secondary storage,0,nvidia,dedicated,False,17.3,2560,1440,windows,2.0
msi,114990,77,intel,core i7,10,16,8,SSD,1024,No secondary storage,0,nvidia,dedicated,False,17.3,1920,1080,windows,2.0
msi,55990,69,intel,core i5,6,12,8,SSD,512,No secondary storage,0,nvidia,dedicated,False,15.6,1920,1080,windows,2.0
msi,58990,71,intel,core i5,6,12,16,SSD,512,No secondary storage,0,nvidia,dedicated,False,15.6,1920,1080,windows,2.0
msi,55990,70,intel,core i5,6,12,16,SSD,512,No secondary storage,0,nvidia,dedicated,False,15.6,1920,1080,windows,2.0
msi,199990,83,intel,core i9,14,20,16,SSD,1024,No secondary storage,0,nvidia,dedicated,False,17.3,1920,1080,windows,2.0
hp,119400,72,intel,core i7,14,20,16,SSD,512,No secondary storage,0,nvidia,dedicated,False,15.6,1920,1080,windows,1.0
hp,99999,71,intel,core i5,12,16,16,SSD,512,No secondary storage,0,nvidia,dedicated,False,15.6,1920,1080,windows,1.0
lenovo,37500,59,intel,core i3,2,4,8,SSD,512,No secondary storage,0,intel,integrated,False,15.6,1920,1080,windows,1.0
hp,239299,86,intel,core i9,24,32,32,SSD,1024,No secondary storage,0,nvidia,dedicated,False,16.1,2560,1600,windows,1.0
hp,132599,75,intel,core i5,14,20,16,SSD,512,No secondary storage,0,nvidia,dedicated,False,16.1,1920,1080,windows,1.0
hp,50999,67,amd,ryzen 5,6,12,8,SSD,512,No secondary storage,0,amd,dedicated,False,15.6,1920,1080,windows,1.0
asus,37588,59,intel,core i3,6,8,8,SSD,512,No secondary storage,0,intel,integrated,False,14.0,1920,1080,windows,1.0
asus,36990,57,intel,core i3,6,8,8,SSD,512,No secondary storage,0,intel,integrated,False,15.6,1920,1080,windows,1.0
lenovo,58990,64,amd,ryzen 5,6,12,16,SSD,512,No secondary storage,0,amd,integrated,False,14.0,1920,1200,windows,1.0
hp,105036,67,intel,core i7,10,12,16,SSD,512,No secondary storage,0,intel,integrated,True,13.3,2880,1800,windows,1.0
lenovo,43990,58,amd,ryzen 5,4,8,16,SSD,512,No secondary storage,0,amd,integrated,False,15.6,1920,1080,windows,1.0
hp,101800,72,intel,core i5,8,12,16,SSD,512,No secondary storage,0,nvidia,dedicated,False,16.1,1920,1080,windows,1.0
asus,94990,72,intel,core i7,10,16,16,SSD,512,No secondary storage,0,nvidia,dedicated,False,16.0,1920,1200,windows,1.0
asus,69990,66,amd,ryzen 5,6,12,16,SSD,512,No secondary storage,0,nvidia,dedicated,False,15.6,1920,1080,windows,1.0
acer,159990,79,intel,core i9,24,32,16,SSD,1024,No secondary storage,0,nvidia,dedicated,False,16.0,2560,1600,windows,1.0
asus,72990,72,amd,ryzen 7,8,16,16,SSD,512,No secondary storage,0,nvidia,dedicated,False,15.6,1920,1080,windows,1.0
msi,119990,73,intel,core i7,14,20,16,SSD,1024,No secondary storage,0,nvidia,dedicated,False,16.0,2560,1600,windows,2.0
hp,56490,70,amd,ryzen 5,6,12,16,SSD,512,No secondary storage,0,amd,dedicated,False,15.6,1920,1080,windows,1.0
dell,37281,58,intel,core i3,2,4,8,SSD,512,No secondary storage,0,intel,integrated,False,15.6,1920,1080,windows,1.0
lenovo,69494,60,intel,core i5,8,12,16,SSD,512,No secondary storage,0,intel,integrated,False,14.0,1920,1200,windows,2.0
asus,32790,54,intel,core i3,2,4,8,SSD,512,No secondary storage,0,intel,integrated,False,15.6,1920,1080,windows,1.0
lenovo,97990,72,intel,core i5,8,12,16,SSD,512,No secondary storage,0,nvidia,dedicated,False,15.6,1920,1080,windows,1.0
hp,78100,67,intel,core i5,10,12,16,SSD,512,No secondary storage,0,intel,integrated,True,14.0,1920,1080,windows,1.0
lenovo,91490,71,intel,core i5,8,12,16,SSD,512,No secondary storage,0,nvidia,dedicated,False,15.6,1920,1080,windows,1.0
hp,36790,60,intel,core i3,2,4,8,SSD,512,No secondary storage,0,intel,integrated,False,15.6,1920,1080,windows,1.0
lenovo,88527,73,amd,ryzen 7,8,16,16,SSD,512,No secondary storage,0,nvidia,dedicated,False,15.6,1920,1080,windows,1.0
asus,59990,64,intel,core i5,10,12,16,SSD,512,No secondary storage,0,intel,integrated,False,15.6,1920,1080,windows,1.0
msi,299990,89,intel,core i9,24,32,32,SSD,1024,No secondary storage,0,nvidia,dedicated,False,16.0,2560,1600,windows,2.0
lenovo,99990,73,amd,ryzen 7,8,16,16,SSD,512,No secondary storage,0,nvidia,dedicated,False,15.6,1920,1080,windows,1.0
hp,146990,77,intel,core i7,16,24,16,SSD,1024,No secondary storage,0,nvidia,dedicated,False,16.1,1920,1080,windows,1.0
lenovo,109990,75,amd,ryzen 7,8,16,16,SSD,512,No secondary storage,0,nvidia,dedicated,False,15.6,1920,1080,windows,1.0
hp,123010,73,amd,ryzen 7,8,16,16,SSD,512,No secondary storage,0,nvidia,dedicated,False,16.0,1920,1080,windows,1.0
asus,25990,45,intel,celeron,2,2,4,SSD,256,No secondary storage,0,intel,integrated,False,15.6,1920,1080,windows,1.0
hp,139990,77,intel,core i7,16,24,16,SSD,512,No secondary storage,0,nvidia,dedicated,False,16.1,1920,1080,windows,1.0
acer,67499,65,intel,core i5,8,12,8,SSD,512,No secondary storage,0,nvidia,dedicated,False,15.6,1920,1080,windows,1.0
acer,35990,58,amd,ryzen 5,6,12,8,SSD,512,No secondary storage,0,amd,integrated,False,15.6,1920,1080,windows,1.0
lenovo,225190,73,intel,core i7,10,12,16,SSD,1024,No secondary storage,0,intel,integrated,True,13.3,2880,1800,windows,3.0
hp,22990,44,amd,other,2,2,4,SSD,256,No secondary storage,0,amd,integrated,False,15.6,1920,1080,windows,1.0
dell,84490,60,intel,core i5,12,16,16,SSD,512,No secondary storage,0,intel,integrated,False,13.3,2560,1600,windows,1.0
dell,257490,85,intel,core i7,14,20,16,SSD,1024,No secondary storage,0,nvidia,dedicated,True,15.6,3456,2160,windows,1.0
dell,95990,63,intel,core i7,12,16,16,SSD,512,No secondary storage,0,intel,integrated,False,13.3,2560,1600,windows,1.0
asus,39390,57,intel,core i3,6,8,8,SSD,512,No secondary storage,0,intel,integrated,False,15.6,1920,1080,windows,1.0
dell,60900,65,intel,core i5,4,8,16,SSD,512,No secondary storage,0,nvidia,dedicated,False,15.6,1920,1080,windows,1.0
msi,81990,63,intel,core i5,12,16,16,SSD,512,No secondary storage,0,intel,integrated,False,14.0,1920,1080,windows,1.0
lenovo,89889,63,intel,core i7,14,20,16,SSD,512,No secondary storage,0,intel,integrated,False,16.0,1920,1200,windows,2.0
dell,454490,83,intel,core i9,14,20,32,SSD,2048,No secondary storage,0,nvidia,dedicated,False,16.0,3200,1800,windows,1.0
dell,67890,65,amd,ryzen 7,8,16,16,SSD,512,No secondary storage,0,amd,integrated,False,14.0,1920,1080,windows,1.0
dell,323990,85,intel,core i9,24,32,32,SSD,1024,No secondary storage,0,nvidia,dedicated,False,16.0,3200,1800,windows,1.0
dell,188990,80,amd,ryzen 7,8,16,16,SSD,1024,No secondary storage,0,nvidia,dedicated,False,16.0,1920,1200,windows,1.0
msi,36990,58,intel,core i3,6,8,8,SSD,512,No secondary storage,0,intel,integrated,False,15.6,1920,1080,windows,1.0
msi,159427,77,intel,core i7,14,20,16,SSD,1024,No secondary storage,0,nvidia,dedicated,False,16.0,1920,1200,windows,2.0
msi,89990,71,intel,core i5,12,16,16,SSD,512,No secondary storage,0,nvidia,dedicated,False,14.0,1920,1200,windows,2.0
dell,450990,83,intel,core i9,24,32,4,SSD,1024,No secondary storage,0,nvidia,dedicated,False,18.0,3200,1800,windows,1.0
hp,43735,56,intel,core i3,6,8,8,SSD,1024,No secondary storage,0,intel,integrated,False,15.6,1920,1080,windows,1.0
lenovo,74990,69,amd,ryzen 5,6,12,16,SSD,512,No secondary storage,0,amd,integrated,True,13.3,1920,1200,windows,3.0
asus,64990,72,intel,core i5,8,12,16,SSD,512,No secondary storage,0,nvidia,dedicated,False,16.0,1920,1200,windows,1.0
asus,89000,75,intel,core i7,10,16,16,SSD,512,No secondary storage,0,nvidia,dedicated,False,16.0,1920,1200,windows,1.0
lenovo,64990,72,amd,ryzen 7,8,16,16,SSD,512,No secondary storage,0,amd,integrated,True,14.0,1920,1200,windows,1.0
hp,43400,57,intel,core i3,6,8,16,SSD,512,No secondary storage,0,intel,integrated,False,15.6,1920,1080,windows,1.0
lenovo,40590,57,amd,ryzen 5,4,8,8,SSD,512,No secondary storage,0,amd,integrated,False,15.6,1920,1080,windows,1.0
asus,70000,70,amd,ryzen 5,6,12,16,SSD,512,No secondary storage,0,nvidia,dedicated,False,15.6,1920,1080,windows,1.0
asus,141989,82,intel,core i7,14,20,16,SSD,1024,No secondary storage,0,nvidia,dedicated,False,16.0,2560,1600,windows,1.0
lg,98999,67,intel,core i5,12,16,16,SSD,512,No secondary storage,0,intel,integrated,False,14.0,1200,1920,windows,1.0
dell,299990,89,amd,ryzen 9,12,24,32,SSD,2048,No secondary storage,0,nvidia,dedicated,False,16.0,1920,1200,windows,1.0
acer,129990,80,amd,ryzen 7,8,16,16,SSD,512,No secondary storage,0,nvidia,dedicated,False,16.0,1920,1200,windows,1.0
lenovo,65990,69,amd,ryzen 5,6,12,16,SSD,512,No secondary storage,0,amd,integrated,True,14.0,1920,1200,windows,1.0
acer,75499,59,intel,core i7,10,12,8,SSD,512,No secondary storage,0,nvidia,dedicated,False,15.6,1920,1080,windows,1.0
hp,25990,44,intel,celeron,4,4,4,HDD,64,No secondary storage,0,intel,integrated,True,14.0,1366,768,chrome,1.0
asus,76600,72,amd,ryzen 7,8,16,16,SSD,512,No secondary storage,0,nvidia,dedicated,False,15.6,1920,1080,windows,1.0
hp,126800,69,intel,core i5,10,12,16,SSD,1024,No secondary storage,0,nvidia,dedicated,False,16.0,1920,1200,windows,1.0
fujitsu,99990,73,intel,core i7,12,16,16,SSD,512,No secondary storage,0,intel,integrated,False,14.0,1920,1200,windows,2.0
hp,133269,69,intel,core i7,10,12,16,SSD,512,No secondary storage,0,nvidia,dedicated,False,16.0,1920,1200,windows,1.0
acer,41990,64,intel,core i5,4,8,16,SSD,512,No secondary storage,0,intel,integrated,False,15.6,1920,1080,windows,1.0
hp,32990,46,intel,pentium,4,4,8,SSD,512,No secondary storage,0,intel,integrated,False,15.6,1366,768,windows,1.0
hp,120449,67,intel,core i5,10,12,16,SSD,512,No secondary storage,0,nvidia,dedicated,False,16.0,1920,1200,windows,1.0
asus,129990,71,amd,ryzen 7,8,16,16,SSD,512,No secondary storage,0,nvidia,dedicated,False,14.0,2560,1600,windows,1.0
lg,78299,72,amd,ryzen 5,6,12,16,SSD,512,No secondary storage,0,amd,integrated,True,16.0,1920,1200,windows,1.0
hp,230060,80,intel,core i7,14,20,16,SSD,1024,No secondary storage,0,nvidia,dedicated,False,16.0,1920,1200,windows,1.0
lenovo,24190,38,intel,celeron,2,2,4,SSD,256,No secondary storage,0,intel,integrated,False,11.6,1366,768,windows,1.0
lg,152499,78,intel,core i7,12,16,16,SSD,1024,No secondary storage,0,intel,integrated,True,16.0,1600,2560,windows,1.0
hp,50990,38,intel,core i3,8,8,8,SSD,256,No secondary storage,0,intel,integrated,False,15.6,1366,768,chrome,1.0
lg,117899,69,intel,core i7,12,16,16,SSD,512,No secondary storage,0,intel,integrated,False,14.0,1200,1920,windows,1.0
acer,71990,70,intel,core i5,8,12,16,SSD,512,No secondary storage,0,nvidia,dedicated,False,15.6,1920,1080,windows,1.0
asus,63990,65,intel,core i5,10,12,16,SSD,512,No secondary storage,0,intel,integrated,False,15.6,1920,1080,windows,1.0
walker,15990,37,intel,celeron,2,2,4,SSD,128,No secondary storage,0,intel,integrated,False,14.1,1920,1080,windows,1.0
hp,23999,52,amd,ryzen 3,2,4,8,SSD,512,No secondary storage,0,amd,integrated,False,15.6,1366,768,dos,1.0
dell,65500,60,intel,core i5,10,12,8,SSD,1024,No secondary storage,0,intel,integrated,False,14.0,1920,1200,windows,1.0
dell,73990,63,intel,core i5,10,12,16,SSD,1024,No secondary storage,0,intel,integrated,False,14.0,1920,1200,windows,1.0
hp,97999,73,intel,core i5,8,12,16,SSD,512,No secondary storage,0,nvidia,dedicated,False,16.1,2560,1440,windows,1.0
lenovo,52990,62,intel,core i5,10,12,8,SSD,512,No secondary storage,0,intel,integrated,False,14.0,1920,1080,windows,2.0
lenovo,62990,65,amd,ryzen 5,6,12,8,SSD,512,No secondary storage,0,nvidia,dedicated,False,15.6,1920,1080,windows,1.0
msi,73990,65,intel,core i5,8,12,16,SSD,512,No secondary storage,0,nvidia,dedicated,False,15.6,1920,1080,windows,2.0
lenovo,32899,59,amd,ryzen 3,4,8,8,SSD,512,No secondary storage,0,amd,integrated,False,15.6,1920,1080,dos,1.0
lenovo,24990,50,intel,celeron,2,2,8,SSD,256,No secondary storage,0,intel,integrated,False,14.0,1366,768,windows,1.0
msi,47990,67,intel,core i5,6,12,8,SSD,512,No secondary storage,0,nvidia,dedicated,False,15.6,1920,1080,windows,2.0
asus,73990,60,intel,core i5,10,12,16,SSD,512,No secondary storage,0,intel,integrated,False,15.6,1920,1080,windows,1.0
asus,99990,75,intel,core i5,8,12,16,SSD,512,No secondary storage,0,nvidia,dedicated,False,16.0,1920,1200,windows,1.0
lenovo,52990,70,intel,core i5,4,8,16,SSD,512,No secondary storage,0,nvidia,dedicated,False,15.6,1920,1080,windows,1.0
asus,61990,64,intel,core i5,10,12,16,SSD,512,No secondary storage,0,intel,integrated,False,15.6,1920,1080,windows,1.0
lenovo,69345,62,amd,ryzen 5,6,12,8,SSD,512,No secondary storage,0,amd,integrated,False,14.0,1920,1200,windows,1.0
lenovo,44990,58,intel,core i3,5,6,8,SSD,512,No secondary storage,0,intel,integrated,False,15.6,1920,1080,windows,1.0
hp,96590,66,intel,core i5,10,12,16,SSD,512,No secondary storage,0,intel,integrated,True,15.6,1920,1080,windows,1.0
hp,87990,66,intel,core i5,10,12,16,SSD,512,No secondary storage,0,intel,integrated,True,15.6,1920,1080,windows,1.0
hp,86690,66,amd,ryzen 5,6,12,16,SSD,512,No secondary storage,0,amd,integrated,True,15.6,1920,1080,windows,1.0
hp,87690,70,amd,ryzen 7,8,16,16,SSD,512,No secondary storage,0,amd,integrated,True,15.6,1920,1080,windows,1.0
hp,78890,66,amd,ryzen 5,6,12,16,SSD,512,No secondary storage,0,amd,integrated,True,15.6,1920,1080,windows,1.0
hp,83990,72,intel,core i5,10,12,16,SSD,512,No secondary storage,0,intel,integrated,True,15.6,1920,1080,windows,1.0
hp,38990,57,amd,ryzen 3,4,8,8,SSD,512,No secondary storage,0,amd,integrated,False,14.0,1920,1080,windows,1.0
hp,50990,60,amd,ryzen 5,4,8,16,SSD,512,No secondary storage,0,amd,integrated,False,14.0,1920,1080,windows,1.0
asus,55990,60,intel,core i5,12,16,8,SSD,512,No secondary storage,0,intel,integrated,False,15.6,1920,1080,windows,1.0
dell,39290,60,intel,core i3,2,4,8,HDD,1024,SSD,256,intel,integrated,False,15.6,1920,1080,windows,
hp,107763,71,intel,core i7,14,20,16,SSD,512,No secondary storage,0,intel,integrated,False,14.0,2880,1800,windows,1.0
dell,59990,56,intel,core i3,6,8,8,SSD,1024,No secondary storage,0,intel,integrated,True,14.0,1920,1200,windows,1.0
lenovo,72990,69,amd,ryzen 5,6,12,16,SSD,512,No secondary storage,0,nvidia,dedicated,False,15.6,1920,1080,windows,1.0
lenovo,56700,64,amd,ryzen 5,6,12,16,SSD,512,No secondary storage,0,amd,integrated,False,14.0,1920,1080,windows,1.0
lenovo,65990,67,intel,core i5,10,12,8,SSD,512,No secondary storage,0,intel,integrated,False,15.6,1920,1080,windows,1.0
lenovo,53990,66,intel,core i5,10,12,8,SSD,512,No secondary storage,0,intel,integrated,False,15.6,1920,1080,windows,1.0
hp,78019,69,intel,core i5,12,16,16,SSD,512,No secondary storage,0,intel,integrated,False,14.0,2240,1400,windows,1.0
acer,30790,59,intel,core i3,2,4,8,SSD,512,No secondary storage,0,intel,integrated,False,15.6,1920,1080,windows,1.0
lenovo,57390,67,amd,ryzen 5,6,12,8,SSD,512,No secondary storage,0,nvidia,dedicated,False,15.6,1920,1080,windows,1.0
hp,115706,71,amd,ryzen 5,6,12,16,HDD,1024,SSD,512,nvidia,dedicated,False,15.6,1920,1080,windows,
dell,41808,53,amd,ryzen 5,4,8,8,SSD,512,No secondary storage,0,amd,integrated,False,15.6,1920,1080,windows,1.0
hp,109990,69,intel,core i7,10,12,16,SSD,512,No secondary storage,0,intel,integrated,True,15.6,1920,1080,windows,1.0
hp,44990,58,amd,ryzen 5,4,8,8,SSD,512,No secondary storage,0,amd,integrated,False,14.0,1920,1080,windows,1.0
hp,47990,53,intel,core i3,6,8,8,SSD,512,No secondary storage,0,intel,integrated,False,14.0,1920,1080,windows,1.0
hp,52990,60,amd,ryzen 5,4,8,16,SSD,512,No secondary storage,0,amd,integrated,False,14.0,1920,1080,windows,1.0
hp,115990,70,intel,core i7,10,12,16,SSD,1024,No secondary storage,0,intel,integrated,True,15.6,1920,1080,windows,1.0
asus,83599,72,intel,core i5,8,12,16,SSD,512,No secondary storage,0,nvidia,dedicated,False,16.0,1920,1200,windows,1.0
asus,139990,83,amd,ryzen 9,8,16,16,SSD,1024,No secondary storage,0,nvidia,dedicated,False,14.0,2560,1600,windows,1.0
dell,87990,56,intel,core i7,10,12,16,SSD,512,No secondary storage,0,intel,integrated,False,14.0,1920,1080,windows,1.0
asus,58990,71,intel,core i5,6,12,8,SSD,1024,No secondary storage,0,nvidia,dedicated,False,15.6,1920,1080,windows,1.0
lenovo,49990,64,amd,ryzen 7,8,16,8,SSD,512,No secondary storage,0,amd,integrated,False,15.6,1920,1080,dos,1.0
lenovo,60490,67,amd,ryzen 5,6,12,8,SSD,512,No secondary storage,0,nvidia,dedicated,False,15.6,1920,1080,windows,1.0
lenovo,35490,59,intel,core i3,2,4,8,SSD,512,No secondary storage,0,intel,integrated,False,15.6,1920,1080,windows,1.0
lenovo,71990,70,intel,core i5,8,12,16,SSD,512,No secondary storage,0,nvidia,dedicated,False,15.6,1920,1080,windows,1.0
dell,90490,67,intel,core i7,10,12,16,SSD,512,No secondary storage,0,intel,integrated,True,14.0,1920,1200,windows,1.0
hp,44990,58,amd,ryzen 5,4,8,8,SSD,512,No secondary storage,0,amd,integrated,False,14.0,1920,1080,windows,1.0
msi,111990,78,intel,core i7,10,16,16,SSD,512,No secondary storage,0,nvidia,dedicated,False,15.6,1920,1080,windows,2.0
lenovo,45500,57,intel,core i3,6,8,8,SSD,512,No secondary storage,0,intel,integrated,False,14.0,1920,1080,dos,1.0
dell,40990,58,intel,core i3,6,8,8,SSD,512,No secondary storage,0,intel,integrated,False,16.0,1920,1080,windows,1.0
dell,43690,52,amd,ryzen 5,6,12,8,SSD,512,No secondary storage,0,amd,integrated,False,15.6,1920,1080,windows,1.0
lenovo,49999,62,intel,core i3,6,8,8,SSD,512,No secondary storage,0,intel,integrated,False,14.0,1920,1080,windows,1.0
lenovo,66199,62,intel,core i5,10,12,8,SSD,512,No secondary storage,0,intel,integrated,False,14.0,1920,1080,dos,1.0
acer,29980,50,intel,core i3,8,8,8,SSD,256,No secondary storage,0,intel,integrated,False,15.6,1920,1080,windows,1.0
dell,55990,60,amd,ryzen 5,6,12,8,SSD,512,No secondary storage,0,amd,integrated,False,16.0,1920,1200,windows,1.0
acer,29490,57,amd,ryzen 3,4,8,8,SSD,512,No secondary storage,0,amd,integrated,False,15.6,1920,1080,windows,1.0
lenovo,33490,57,amd,ryzen 3,4,8,8,SSD,512,No secondary storage,0,amd,integrated,False,15.6,1920,1080,windows,1.0
hp,53699,62,intel,core i5,4,8,8,SSD,512,No secondary storage,0,intel,integrated,False,14.0,1920,1080,windows,1.0
acer,42990,50,intel,core i3,6,8,8,SSD,512,No secondary storage,0,intel,integrated,False,15.6,1920,1080,windows,1.0
msi,57990,67,amd,ryzen 5,6,12,16,SSD,512,No secondary storage,0,nvidia,dedicated,False,15.6,1920,1080,windows,2.0
msi,54990,65,amd,ryzen 5,6,12,8,SSD,512,No secondary storage,0,nvidia,dedicated,False,15.6,1920,1080,windows,2.0
dell,47990,60,intel,core i5,4,8,8,SSD,512,No secondary storage,0,intel,integrated,False,14.0,1366,768,ubuntu,1.0
msi,104990,78,amd,ryzen 7,8,16,16,SSD,1024,No secondary storage,0,nvidia,dedicated,False,15.6,1920,1080,windows,1.0
msi,74990,69,amd,ryzen 5,6,12,16,SSD,512,No secondary storage,0,nvidia,dedicated,False,15.6,1920,1080,windows,2.0
msi,94990,77,amd,ryzen 7,8,16,16,SSD,1024,No secondary storage,0,nvidia,dedicated,False,15.6,1920,1080,windows,1.0
acer,40990,60,intel,core i5,4,8,16,SSD,512,No secondary storage,0,intel,integrated,False,14.0,1920,1080,windows,1.0
msi,50990,66,intel,core i5,6,12,8,SSD,512,No secondary storage,0,nvidia,dedicated,False,15.6,1920,1080,windows,2.0
asus,47980,59,intel,core i5,10,12,8,SSD,512,No secondary storage,0,intel,integrated,False,15.6,1920,1080,windows,1.0
msi,94990,77,amd,ryzen 7,8,16,16,SSD,1024,No secondary storage,0,nvidia,dedicated,False,17.3,1920,1080,windows,1.0
msi,84990,75,amd,ryzen 5,6,12,16,SSD,512,No secondary storage,0,nvidia,dedicated,False,15.6,1920,1080,windows,1.0
hp,38990,63,intel,core i3,6,8,8,SSD,512,No secondary storage,0,amd,integrated,False,15.6,1366,768,windows,1.0
dell,79690,70,intel,core i5,12,16,16,SSD,512,No secondary storage,0,nvidia,dedicated,False,16.0,1920,1080,windows,1.0
msi,60990,63,intel,core i7,10,12,8,SSD,512,No secondary storage,0,intel,integrated,False,14.0,1920,1080,windows,1.0
msi,51990,70,intel,core i5,6,12,8,SSD,512,No secondary storage,0,nvidia,dedicated,False,15.6,1920,1080,windows,2.0
dell,279490,88,intel,core i7,14,20,32,SSD,1024,No secondary storage,0,nvidia,dedicated,True,15.6,3456,2160,windows,1.0
dell,201990,82,intel,core i7,12,16,32,SSD,1024,No secondary storage,0,intel,integrated,True,13.4,3840,2400,windows,1.0
lenovo,67000,63,intel,core i5,10,12,8,SSD,512,No secondary storage,0,intel,integrated,False,14.0,1920,1080,dos,1.0
lenovo,125000,75,intel,core i7,10,12,16,SSD,512,No secondary storage,0,intel,integrated,False,14.0,1920,1080,windows,1.0
lg,89799,75,amd,ryzen 7,8,16,16,SSD,512,No secondary storage,0,amd,integrated,True,16.0,1920,1200,windows,1.0
lg,150999,72,intel,core i7,12,16,16,SSD,512,No secondary storage,0,intel,integrated,False,14.0,2880,1800,windows,1.0
hp,131316,72,amd,ryzen 7,8,16,16,SSD,1024,No secondary storage,0,nvidia,dedicated,False,15.6,1920,1080,windows,1.0
lenovo,75499,62,intel,core i5,10,12,16,SSD,1024,No secondary storage,0,intel,integrated,False,14.0,1920,1080,windows,1.0
axl,17990,38,intel,celeron,2,2,4,SSD,256,No secondary storage,0,intel,integrated,False,15.6,1920,1080,windows,1.0
msi,52990,65,amd,ryzen 7,8,16,16,SSD,512,No secondary storage,0,amd,integrated,False,14.0,1920,1080,windows,1.0
axl,14990,37,intel,celeron,2,2,4,SSD,128,No secondary storage,0,intel,integrated,False,14.1,1920,1080,windows,1.0
dell,40890,54,amd,ryzen 5,6,12,8,SSD,512,No secondary storage,0,amd,integrated,False,15.6,1920,1080,windows,1.0
lenovo,40990,57,amd,ryzen 5,6,12,8,SSD,512,No secondary storage,0,amd,integrated,False,15.6,1920,1080,dos,1.0
asus,69990,69,intel,core i5,8,12,16,SSD,512,No secondary storage,0,nvidia,dedicated,False,14.0,1920,1200,windows,1.0
lenovo,46990,57,intel,core i5,10,12,8,SSD,512,No secondary storage,0,intel,integrated,False,14.0,1920,1080,windows,1.0
hp,65100,66,amd,ryzen 7,8,16,16,SSD,512,No secondary storage,0,amd,integrated,False,15.6,1920,1080,windows,1.0
lenovo,38171,59,amd,ryzen 5,6,12,8,SSD,512,No secondary storage,0,amd,integrated,False,15.6,1920,1080,windows,1.0
asus,64990,64,amd,ryzen 7,8,16,16,SSD,512,No secondary storage,0,nvidia,dedicated,False,15.6,1920,1080,windows,1.0
dell,205490,72,intel,core i7,10,16,16,SSD,1024,No secondary storage,0,nvidia,dedicated,False,14.0,2560,1600,windows,1.0
asus,95300,66,intel,core i5,12,16,16,SSD,1024,No secondary storage,0,intel,integrated,False,15.6,2880,1620,windows,1.0
asus,35083,53,intel,core i3,2,4,8,SSD,512,No secondary storage,0,intel,integrated,False,15.6,1920,1080,windows,1.0
acer,54990,69,intel,core i5,8,12,16,SSD,512,No secondary storage,0,nvidia,dedicated,False,15.6,1920,1080,windows,1.0
lenovo,27990,54,amd,ryzen 3,4,8,8,SSD,512,No secondary storage,0,amd,integrated,False,15.6,1920,1080,dos,1.0
lenovo,73900,64,intel,core i5,4,8,16,SSD,512,No secondary storage,0,intel,integrated,False,14.0,1920,1080,windows,3.0
lenovo,34990,53,intel,core i3,6,8,8,SSD,512,No secondary storage,0,intel,integrated,False,15.6,1920,1080,windows,1.0
lenovo,34990,54,intel,core i3,6,8,8,SSD,512,No secondary storage,0,intel,integrated,False,14.0,1920,1080,windows,1.0
lenovo,46900,56,intel,core i5,10,12,8,SSD,512,No secondary storage,0,intel,integrated,False,15.6,1920,1080,windows,1.0
lenovo,29990,59,amd,ryzen 3,4,8,8,SSD,512,No secondary storage,0,amd,integrated,False,15.6,1920,1080,windows,1.0
lenovo,46490,57,intel,core i5,10,12,8,SSD,512,No secondary storage,0,intel,integrated,False,14.0,1920,1080,windows,1.0
dell,94900,71,intel,core i7,12,16,16,SSD,512,No secondary storage,0,intel,integrated,False,16.0,2560,1600,windows,1.0
lenovo,52101,66,intel,core i7,4,8,16,SSD,512,No secondary storage,0,intel,integrated,False,15.6,1920,1080,windows,1.0
hp,58499,71,intel,core i5,6,12,8,SSD,512,No secondary storage,0,nvidia,dedicated,False,16.1,1920,1080,windows,1.0
lenovo,74889,64,intel,core i7,4,8,16,SSD,512,No secondary storage,0,nvidia,dedicated,False,15.6,1920,1080,windows,1.0
dell,61990,56,intel,core i5,10,12,8,SSD,512,No secondary storage,0,intel,integrated,False,15.6,1920,1080,windows,1.0
hp,28750,49,amd,other,2,2,8,SSD,512,No secondary storage,0,amd,integrated,False,15.6,1366,768,windows,1.0
dell,157990,78,intel,core i7,14,20,16,SSD,1024,No secondary storage,0,nvidia,dedicated,False,16.0,2560,1600,windows,1.0
dell,166490,82,intel,core i7,14,20,32,SSD,1024,No secondary storage,0,nvidia,dedicated,False,16.0,2560,1600,windows,1.0
dell,99490,59,intel,core i7,10,12,16,SSD,512,No secondary storage,0,intel,integrated,True,14.0,1920,1200,windows,1.0
dell,80020,58,intel,core i5,10,12,16,SSD,512,No secondary storage,0,intel,integrated,True,14.0,1920,1200,windows,1.0
hp,28206,50,intel,pentium,4,4,8,SSD,512,No secondary storage,0,intel,integrated,False,14.0,1366,768,windows,1.0
dell,42990,57,intel,core i3,5,6,8,SSD,512,No secondary storage,0,intel,integrated,False,15.6,1920,1080,windows,1.0
infinix,38990,58,intel,core i5,4,8,16,SSD,512,No secondary storage,0,intel,integrated,False,14.0,1920,1080,windows,1.0
dell,88980,56,intel,core i7,10,12,16,SSD,512,No secondary storage,0,intel,integrated,False,14.0,1920,1080,windows,1.0
dell,71990,52,intel,core i5,10,12,16,SSD,512,No secondary storage,0,intel,integrated,False,14.0,1920,1080,windows,1.0
dell,73990,57,intel,core i5,10,12,8,SSD,512,No secondary storage,0,intel,integrated,True,14.0,1920,1200,windows,1.0
asus,27990,45,intel,celeron,2,2,8,SSD,256,No secondary storage,0,intel,integrated,False,15.6,1920,1080,windows,1.0
hp,73990,67,amd,ryzen 7,8,16,16,SSD,512,No secondary storage,0,nvidia,dedicated,False,15.6,1920,1080,windows,1.0
asus,49490,58,intel,core i5,4,8,16,SSD,512,No secondary storage,0,intel,integrated,False,15.6,1920,1080,windows,1.0
dell,61990,56,intel,core i5,10,12,8,SSD,512,No secondary storage,0,intel,integrated,False,14.0,1920,1080,windows,1.0
hp,45899,63,amd,ryzen 7,8,16,8,SSD,512,No secondary storage,0,amd,integrated,False,14.0,1920,1080,dos,1.0
hp,68489,65,intel,core i7,10,12,16,SSD,512,No secondary storage,0,intel,integrated,False,15.6,1920,1080,windows,1.0
hp,63314,67,amd,ryzen 5,6,12,16,SSD,512,No secondary storage,0,amd,dedicated,False,15.6,1920,1080,windows,1.0
asus,48990,63,amd,ryzen 5,6,12,8,SSD,512,No secondary storage,0,amd,integrated,False,16.0,1920,1200,windows,1.0
lenovo,31490,50,intel,core i3,6,8,8,SSD,512,No secondary storage,0,intel,integrated,False,14.0,1920,1080,dos,1.0
hp,38990,47,intel,core i3,8,8,8,SSD,512,No secondary storage,0,intel,integrated,False,14.0,1920,1080,windows,1.0
hp,64990,66,amd,ryzen 5,6,12,16,SSD,512,No secondary storage,0,nvidia,dedicated,False,15.6,1920,1080,windows,1.0
acer,32890,56,amd,ryzen 5,4,8,8,SSD,512,No secondary storage,0,amd,integrated,False,14.0,1366,768,windows,1.0
msi,91990,75,intel,core i7,10,16,8,SSD,512,No secondary storage,0,nvidia,dedicated,False,15.6,1920,1080,windows,2.0
msi,87990,75,intel,core i5,8,12,16,SSD,1024,No secondary storage,0,nvidia,dedicated,False,15.6,1920,1080,windows,2.0
acer,28999,53,amd,ryzen 3,2,4,8,SSD,512,No secondary storage,0,amd,integrated,False,14.0,1366,768,windows,1.0
hp,29490,50,intel,celeron,2,2,8,SSD,512,No secondary storage,0,intel,integrated,False,15.0,1366,768,windows,1.0
hp,61990,64,amd,ryzen 5,6,12,8,SSD,512,No secondary storage,0,nvidia,dedicated,False,15.6,1920,1080,windows,1.0
asus,76990,64,amd,ryzen 7,8,16,16,SSD,1024,No secondary storage,0,amd,integrated,False,14.0,2880,1800,windows,1.0
dell,149290,76,intel,core i7,14,16,16,SSD,512,No secondary storage,0,nvidia,dedicated,False,15.6,1920,1080,windows,1.0
acer,39990,51,intel,core i3,6,8,8,SSD,512,No secondary storage,0,intel,integrated,False,15.6,1920,1080,windows,1.0
hp,75533,66,intel,core i5,12,16,16,SSD,512,No secondary storage,0,intel,integrated,False,15.6,1920,1080,windows,1.0
dell,43000,52,intel,core i3,8,8,8,SSD,256,No secondary storage,0,intel,integrated,False,15.6,1920,1080,windows,1.0
dell,187990,79,intel,core i9,24,32,16,SSD,1024,No secondary storage,0,nvidia,dedicated,False,16.0,2560,1600,windows,1.0
dell,109990,73,intel,core i7,14,16,16,SSD,512,No secondary storage,0,nvidia,dedicated,False,15.6,1920,1080,windows,1.0
dell,129990,75,intel,core i7,14,20,16,SSD,512,No secondary storage,0,nvidia,dedicated,False,15.6,1920,1080,windows,1.0
dell,81402,69,intel,core i5,10,16,8,SSD,512,No secondary storage,0,nvidia,dedicated,False,15.6,1920,1080,windows,1.0
acer,49990,50,intel,core i3,6,8,16,SSD,512,No secondary storage,0,intel,integrated,False,14.0,1920,1080,windows,1.0
acer,58269,59,intel,core i5,10,12,16,SSD,512,No secondary storage,0,intel,integrated,False,14.0,1920,1080,windows,1.0
acer,56490,52,intel,core i5,10,12,16,SSD,512,No secondary storage,0,intel,integrated,False,15.6,1920,1080,windows,1.0
acer,55900,50,intel,core i5,10,12,8,SSD,512,No secondary storage,0,intel,integrated,False,15.6,1920,1080,windows,1.0
hp,92070,71,intel,core i7,10,12,16,SSD,512,No secondary storage,0,intel,integrated,True,14.0,1920,1080,windows,1.0
asus,39990,54,intel,core i3,6,8,8,SSD,512,No secondary storage,0,intel,integrated,False,15.6,1920,1080,windows,1.0
msi,279990,85,intel,core i7,14,20,16,SSD,2048,No secondary storage,0,nvidia,dedicated,False,17.3,2560,1440,windows,2.0
asus,104749,71,amd,ryzen 7,8,16,16,SSD,1024,No secondary storage,0,nvidia,dedicated,False,15.6,2560,1440,windows,1.0
asus,126890,73,intel,core i7,14,20,16,SSD,512,No secondary storage,0,nvidia,dedicated,False,15.6,1920,1080,windows,1.0
asus,199990,89,amd,ryzen 9,8,16,32,SSD,1024,No secondary storage,0,nvidia,dedicated,False,14.0,2560,1600,windows,1.0
asus,131990,84,amd,ryzen 9,8,16,16,SSD,1024,No secondary storage,0,nvidia,dedicated,False,15.6,1920,1080,windows,1.0
asus,133890,75,intel,core i7,14,20,16,SSD,1024,No secondary storage,0,nvidia,dedicated,False,15.6,1920,1080,windows,1.0
asus,154990,83,amd,ryzen 9,8,16,16,SSD,1024,No secondary storage,0,nvidia,dedicated,False,15.6,2560,1440,windows,1.0
lenovo,52900,67,intel,core i5,4,8,16,SSD,512,No secondary storage,0,intel,integrated,False,15.6,1920,1080,windows,1.0
asus,144406,73,intel,core i5,10,16,16,SSD,1024,No secondary storage,0,nvidia,dedicated,False,16.0,1920,1200,windows,1.0
asus,94990,77,amd,ryzen 7,8,16,16,SSD,512,No secondary storage,0,nvidia,dedicated,False,15.6,1920,1080,windows,1.0
asus,260990,89,amd,ryzen 9,8,16,32,SSD,1024,No secondary storage,0,nvidia,dedicated,False,14.0,2560,1600,windows,1.0
asus,149990,76,amd,ryzen 7,8,16,16,SSD,1024,No secondary storage,0,nvidia,dedicated,False,14.0,2560,1600,windows,1.0
asus,134990,80,amd,ryzen 9,8,16,16,SSD,1024,No secondary storage,0,nvidia,dedicated,False,17.3,1920,1080,windows,1.0
asus,60379,67,amd,ryzen 5,6,12,16,SSD,512,No secondary storage,0,intel,integrated,False,15.6,1920,1080,windows,1.0
lenovo,52794,58,intel,core i5,10,12,8,SSD,512,No secondary storage,0,intel,integrated,False,15.6,1920,1080,windows,1.0
asus,209890,73,intel,core i9,14,20,16,SSD,1024,No secondary storage,0,nvidia,dedicated,True,13.4,2560,1600,windows,1.0
asus,154990,82,intel,core i9,14,20,16,SSD,1024,No secondary storage,0,nvidia,dedicated,False,15.6,1920,1080,windows,1.0
asus,69990,66,intel,core i5,12,16,16,SSD,512,No secondary storage,0,intel,integrated,False,15.6,1920,1080,windows,1.0
asus,84950,72,intel,core i5,8,12,16,SSD,512,No secondary storage,0,nvidia,dedicated,False,16.0,1920,1200,windows,1.0
hp,69990,65,intel,core i5,8,12,16,SSD,512,No secondary storage,0,nvidia,dedicated,False,15.6,1920,1080,windows,1.0
acer,143400,70,intel,core i7,16,24,16,SSD,512,No secondary storage,0,nvidia,dedicated,False,16.0,2560,1600,windows,1.0
asus,113401,75,intel,core i5,12,16,16,SSD,512,No secondary storage,0,nvidia,dedicated,False,15.6,2880,1620,windows,1.0
dell,225490,78,intel,core i7,10,16,32,SSD,1024,No secondary storage,0,nvidia,dedicated,False,14.0,2560,1600,windows,1.0
dell,220990,83,intel,core i7,16,24,16,SSD,1024,No secondary storage,0,nvidia,dedicated,False,16.0,2560,1600,windows,1.0
hp,67400,57,intel,core i5,10,12,8,SSD,512,No secondary storage,0,intel,integrated,False,15.6,1920,1080,windows,1.0
hp,64990,59,intel,core i5,10,12,16,SSD,512,No secondary storage,0,intel,integrated,False,15.6,1920,1080,windows,1.0
msi,76990,69,intel,core i5,8,12,16,HDD,1024,SSD,256,nvidia,dedicated,False,15.6,1920,1080,windows,
msi,72990,71,intel,core i5,8,12,8,SSD,512,No secondary storage,0,nvidia,dedicated,False,15.6,1920,1080,windows,2.0
acer,58990,62,amd,ryzen 5,6,12,16,SSD,512,No secondary storage,0,amd,integrated,False,14.0,1920,1080,windows,1.0
hp,32990,58,amd,ryzen 3,2,4,8,SSD,512,No secondary storage,0,amd,integrated,False,15.6,1920,1080,windows,1.0
hp,61490,57,intel,core i5,10,12,8,SSD,512,No secondary storage,0,intel,integrated,False,15.6,1920,1080,windows,1.0
asus,105990,66,intel,core i7,14,20,16,SSD,512,No secondary storage,0,intel,integrated,False,15.6,2880,1620,windows,1.0
msi,86990,73,intel,core i5,8,12,16,HDD,1024,SSD,256,nvidia,dedicated,False,15.6,1920,1080,windows,
asus,111439,76,intel,core i9,14,20,16,SSD,1024,No secondary storage,0,nvidia,dedicated,False,16.0,1920,1200,windows,1.0
msi,249990,86,intel,core i7,14,20,32,SSD,1024,No secondary storage,0,nvidia,dedicated,False,16.0,2560,1600,windows,2.0
asus,76619,66,intel,core i5,12,16,16,SSD,512,No secondary storage,0,nvidia,dedicated,False,14.0,1920,1200,windows,1.0
acer,142999,78,intel,core i7,16,24,16,SSD,1024,No secondary storage,0,nvidia,dedicated,False,16.0,2560,1600,windows,1.0
asus,93999,70,intel,core i5,12,16,16,SSD,512,No secondary storage,0,nvidia,dedicated,False,14.0,2880,1800,windows,1.0
asus,161513,84,intel,core i9,14,20,16,SSD,1024,No secondary storage,0,nvidia,dedicated,False,15.6,2880,1620,windows,1.0
asus,199990,71,intel,core i5,12,16,16,SSD,1024,No secondary storage,0,nvidia,dedicated,True,14.5,2880,1800,windows,1.0
hp,118000,75,intel,core i7,10,12,16,SSD,512,No secondary storage,0,intel,integrated,False,14.0,1920,1080,windows,1.0
hp,79590,66,intel,core i7,12,16,16,SSD,512,No secondary storage,0,intel,integrated,False,15.6,1920,1080,windows,1.0
msi,63990,71,intel,core i7,8,16,16,HDD,1024,SSD,256,nvidia,dedicated,False,15.6,1920,1080,windows,
asus,35990,56,intel,core i3,2,4,16,SSD,512,No secondary storage,0,intel,integrated,False,15.6,1920,1080,windows,1.0
hp,52990,57,intel,core i5,10,12,8,SSD,512,No secondary storage,0,intel,integrated,False,15.6,1920,1080,windows,1.0
lenovo,63190,67,amd,ryzen 7,8,16,8,SSD,512,No secondary storage,0,nvidia,dedicated,False,15.6,1920,1080,windows,1.0
lenovo,81000,71,amd,ryzen 7,8,16,16,SSD,512,No secondary storage,0,nvidia,dedicated,False,15.6,1920,1080,windows,1.0
acer,39990,58,intel,core i5,4,8,8,SSD,512,No secondary storage,0,intel,integrated,False,14.0,1920,1080,windows,1.0
dell,388490,82,intel,core i9,14,20,32,SSD,1024,No secondary storage,0,nvidia,dedicated,False,16.0,3200,1800,windows,1.0
hp,40100,54,intel,core i3,6,8,8,SSD,512,No secondary storage,0,intel,integrated,False,15.6,1920,1080,windows,1.0
dell,368490,83,intel,core i9,14,20,32,SSD,1024,No secondary storage,0,nvidia,dedicated,False,18.0,3200,1800,windows,1.0
acer,36800,47,intel,celeron,2,2,8,SSD,256,No secondary storage,0,intel,integrated,False,11.6,1366,768,windows,1.0
hp,46490,54,amd,ryzen 5,4,8,16,SSD,512,No secondary storage,0,amd,integrated,False,15.6,1920,1080,windows,1.0
acer,104999,65,intel,core i5,14,20,16,SSD,512,No secondary storage,0,nvidia,dedicated,False,16.0,2560,1600,windows,1.0
hp,47650,51,intel,core i3,6,8,8,SSD,512,No secondary storage,0,intel,integrated,False,15.6,1920,1080,windows,1.0
acer,114990,66,intel,core i7,16,24,16,SSD,512,No secondary storage,0,nvidia,dedicated,False,16.0,2560,1600,windows,1.0
hp,46990,51,intel,core i3,6,8,8,SSD,512,No secondary storage,0,intel,integrated,False,15.6,1920,1080,windows,1.0
hp,60490,54,intel,core i5,10,12,8,SSD,512,No secondary storage,0,intel,integrated,False,15.6,1920,1080,windows,1.0
hp,49990,67,amd,ryzen 5,6,12,8,SSD,512,No secondary storage,0,nvidia,dedicated,False,15.6,1920,1080,windows,1.0
hp,65590,56,intel,core i5,10,12,8,SSD,1024,No secondary storage,0,intel,integrated,False,15.6,1920,1080,windows,1.0
realme,42990,62,intel,core i5,4,8,8,SSD,512,No secondary storage,0,intel,integrated,False,14.0,2160,1440,windows,1.0
hp,71000,67,intel,core i5,4,8,8,SSD,512,No secondary storage,0,intel,integrated,False,14.0,1366,768,windows,1.0
asus,30927,45,intel,celeron,2,2,8,SSD,512,No secondary storage,0,intel,integrated,False,15.6,1366,768,windows,1.0
dell,47990,63,intel,core i5,4,8,8,SSD,512,No secondary storage,0,intel,integrated,False,15.6,1920,1080,windows,1.0
asus,46288,56,intel,core i3,6,8,8,SSD,512,No secondary storage,0,intel,integrated,False,15.6,1920,1080,windows,1.0
asus,124990,78,intel,core i5,12,16,16,SSD,512,No secondary storage,0,nvidia,dedicated,False,16.0,3200,2000,windows,1.0
dell,51990,63,intel,core i5,4,8,16,SSD,512,No secondary storage,0,intel,integrated,False,14.0,1920,1080,windows,1.0
asus,58990,60,amd,ryzen 5,4,8,16,SSD,512,No secondary storage,0,amd,integrated,False,15.6,1920,1080,windows,1.0
dell,38490,59,amd,ryzen 5,6,12,8,SSD,512,No secondary storage,0,amd,integrated,False,14.0,1920,1080,windows,1.0
acer,44994,64,intel,core i5,4,8,8,SSD,512,No secondary storage,0,nvidia,dedicated,False,15.6,1920,1080,windows,1.0
acer,88990,65,amd,ryzen 5,6,12,16,SSD,1024,No secondary storage,0,nvidia,dedicated,False,15.6,2560,1440,windows,1.0
msi,96990,77,intel,core i5,8,12,16,HDD,1024,SSD,256,nvidia,dedicated,False,15.6,1920,1080,windows,
asus,31990,59,intel,core i3,2,4,8,SSD,512,No secondary storage,0,intel,integrated,False,14.0,1920,1080,windows,1.0
asus,132000,73,intel,core i7,12,16,16,SSD,512,No secondary storage,0,intel,integrated,True,14.0,2880,1800,windows,1.0
asus,115990,73,intel,core i7,12,16,16,SSD,512,No secondary storage,0,intel,integrated,False,14.0,2880,1800,windows,1.0
asus,89990,70,intel,core i5,12,16,16,SSD,512,No secondary storage,0,nvidia,dedicated,False,14.0,2880,1800,windows,1.0
hp,109990,71,intel,core i7,14,20,16,SSD,512,No secondary storage,0,nvidia,dedicated,False,15.6,1920,1080,windows,1.0
msi,81990,65,intel,core i7,4,8,16,SSD,512,No secondary storage,0,intel,integrated,True,13.4,1920,1200,windows,2.0
hp,52590,60,intel,core i3,6,8,8,SSD,512,No secondary storage,0,intel,integrated,False,15.6,1920,1080,windows,1.0
asus,91240,75,intel,core i5,12,16,16,SSD,512,No secondary storage,0,intel,integrated,True,14.0,2880,1800,windows,1.0
asus,62990,59,intel,core i5,10,12,16,SSD,512,No secondary storage,0,intel,integrated,False,16.0,1920,1200,windows,1.0
msi,69990,70,intel,core i5,4,8,16,SSD,512,No secondary storage,0,intel,integrated,True,13.4,1920,1200,windows,2.0
hp,64500,75,intel,core i5,6,12,16,SSD,512,No secondary storage,0,nvidia,dedicated,False,16.1,1920,1080,windows,1.0
asus,71938,64,intel,core i5,10,12,16,SSD,512,No secondary storage,0,intel,integrated,True,14.0,1920,1200,windows,1.0
hp,51990,67,amd,ryzen 5,6,12,8,SSD,512,No secondary storage,0,nvidia,dedicated,False,15.6,1920,1080,windows,1.0
hp,33989,56,intel,core i3,2,4,8,SSD,512,No secondary storage,0,intel,integrated,False,15.6,1366,768,windows,1.0
asus,39790,52,intel,core i3,6,8,8,SSD,512,No secondary storage,0,intel,integrated,False,15.6,1920,1080,windows,1.0
hp,119990,77,amd,ryzen 7,8,16,16,SSD,1024,No secondary storage,0,nvidia,dedicated,False,16.1,2560,1440,windows,1.0
msi,260990,89,intel,core i9,24,24,32,SSD,2048,No secondary storage,0,nvidia,dedicated,False,16.0,2560,1600,windows,2.0
asus,38980,48,intel,core i3,8,8,8,SSD,512,No secondary storage,0,intel,integrated,False,14.0,1920,1080,windows,1.0
asus,55990,59,intel,core i5,10,12,8,SSD,512,No secondary storage,0,intel,integrated,False,15.6,1920,1080,windows,1.0
msi,65190,65,intel,core i5,8,12,16,SSD,512,No secondary storage,0,nvidia,dedicated,False,15.6,1920,1080,windows,2.0
msi,72990,71,intel,core i5,6,12,16,HDD,1024,SSD,256,nvidia,dedicated,False,15.6,1920,1080,windows,
acer,68990,73,amd,ryzen 5,6,12,16,SSD,512,No secondary storage,0,nvidia,dedicated,False,15.6,1920,1080,windows,1.0
acer,200090,74,intel,core i7,16,24,32,SSD,1024,No secondary storage,0,nvidia,dedicated,False,16.0,2560,1600,windows,1.0
acer,77890,72,amd,ryzen 7,8,16,16,SSD,512,No secondary storage,0,nvidia,dedicated,False,15.6,1920,1080,windows,1.0
msi,219990,84,intel,core i7,14,20,32,SSD,1024,No secondary storage,0,nvidia,dedicated,False,15.6,2560,1600,windows,2.0
lenovo,123271,78,intel,core i7,12,16,16,SSD,512,No secondary storage,0,nvidia,dedicated,False,14.0,1920,1080,windows,3.0
asus,70990,63,intel,core i5,12,16,16,SSD,1024,No secondary storage,0,intel,integrated,False,15.6,1920,1080,windows,1.0
msi,215990,87,intel,core i7,16,24,32,SSD,2048,No secondary storage,0,nvidia,dedicated,False,16.0,2560,1600,windows,2.0
msi,171990,80,intel,core i7,14,20,16,SSD,1024,No secondary storage,0,nvidia,dedicated,False,15.6,2560,1600,windows,2.0
msi,69990,70,intel,core i5,6,12,8,HDD,1024,SSD,256,nvidia,dedicated,False,15.6,1920,1080,windows,
asus,62500,56,intel,core i5,10,12,16,SSD,512,No secondary storage,0,intel,integrated,False,15.6,1920,1080,windows,1.0
asus,68800,62,intel,core i5,12,16,16,SSD,512,No secondary storage,0,intel,integrated,False,16.0,1920,1200,windows,1.0
hp,143824,75,intel,core i7,10,12,32,SSD,1024,No secondary storage,0,intel,integrated,True,13.5,3000,2000,windows,1.0
asus,85990,60,intel,core i5,12,16,16,SSD,512,No secondary storage,0,intel,integrated,False,15.6,1920,1080,windows,1.0
asus,45990,57,intel,core i3,6,8,8,SSD,512,No secondary storage,0,intel,integrated,False,14.0,1920,1080,windows,1.0
asus,59990,56,intel,core i5,10,12,8,SSD,512,No secondary storage,0,intel,integrated,False,14.0,1920,1080,windows,1.0
asus,104990,71,intel,core i5,12,16,16,SSD,512,No secondary storage,0,intel,integrated,True,14.0,2880,1800,windows,1.0
asus,68390,64,intel,core i5,12,16,16,SSD,512,No secondary storage,0,intel,integrated,False,15.6,1920,1080,windows,1.0
asus,97990,64,intel,core i5,10,12,16,SSD,512,No secondary storage,0,intel,integrated,False,13.3,2880,1800,windows,1.0
asus,92990,70,intel,core i5,12,16,16,SSD,512,No secondary storage,0,intel,integrated,False,14.0,2880,1800,windows,1.0
asus,64990,62,intel,core i5,12,16,16,SSD,512,No secondary storage,0,intel,integrated,False,15.6,1920,1080,windows,1.0
asus,74990,60,intel,core i5,12,16,16,SSD,512,No secondary storage,0,intel,integrated,False,15.6,1920,1080,windows,1.0
asus,43990,53,intel,core i3,8,8,8,SSD,512,No secondary storage,0,intel,integrated,False,15.6,1920,1080,windows,1.0
dell,44990,62,amd,ryzen 5,6,12,8,SSD,512,No secondary storage,0,amd,integrated,False,15.6,1920,1080,windows,1.0
asus,63990,58,intel,core i5,10,12,16,SSD,512,No secondary storage,0,intel,integrated,False,14.0,1920,1080,windows,1.0
asus,39242,51,intel,core i3,8,8,8,SSD,512,No secondary storage,0,intel,integrated,False,15.6,1920,1080,windows,1.0
asus,129990,74,intel,core i7,12,16,16,SSD,1024,No secondary storage,0,intel,integrated,True,14.0,2880,1800,windows,1.0
asus,58990,62,amd,ryzen 5,6,12,8,SSD,512,No secondary storage,0,amd,integrated,True,14.0,1920,1200,windows,1.0
lenovo,22239,47,intel,celeron,2,2,8,SSD,256,No secondary storage,0,intel,integrated,False,15.6,1920,1080,windows,1.0
hp,37490,64,amd,ryzen 5,6,12,8,SSD,512,No secondary storage,0,amd,integrated,False,15.6,1366,768,windows,1.0
dell,55900,59,intel,core i5,10,12,8,SSD,512,No secondary storage,0,intel,integrated,False,15.6,1920,1080,windows,1.0
msi,61990,72,amd,ryzen 7,8,16,16,SSD,512,No secondary storage,0,amd,dedicated,False,15.6,1920,1080,windows,1.0
hp,145899,79,intel,core i7,14,20,16,SSD,1024,No secondary storage,0,intel,integrated,True,16.0,3072,1920,windows,1.0
hp,138511,72,intel,core i7,10,12,16,SSD,1024,No secondary storage,0,intel,integrated,True,13.5,3000,2000,windows,1.0
lenovo,21990,43,intel,celeron,2,2,8,SSD,256,No secondary storage,0,intel,integrated,False,15.6,1920,1080,dos,1.0
honor,43990,59,amd,ryzen 5,6,12,16,SSD,512,No secondary storage,0,amd,integrated,False,15.6,1920,1080,windows,1.0
acer,45990,59,intel,core i5,4,8,8,SSD,512,No secondary storage,0,nvidia,dedicated,False,15.6,1920,1080,windows,1.0
acer,32990,50,intel,core i3,8,8,8,SSD,512,No secondary storage,0,intel,integrated,False,15.6,1920,1080,windows,1.0
acer,32090,44,intel,core i3,8,8,8,SSD,512,No secondary storage,0,intel,integrated,False,14.0,1920,1080,windows,1.0
acer,184999,71,intel,core i9,24,32,16,SSD,1024,No secondary storage,0,nvidia,dedicated,False,16.0,2560,1600,windows,1.0
acer,249990,77,intel,core i9,24,32,32,SSD,1024,No secondary storage,0,nvidia,dedicated,False,16.0,2560,1600,windows,1.0
lenovo,21990,45,intel,celeron,2,2,4,SSD,256,No secondary storage,0,intel,integrated,False,14.0,1920,1080,dos,1.0
lenovo,45990,58,intel,core i5,4,8,8,SSD,512,No secondary storage,0,intel,integrated,False,14.0,1366,768,dos,1.0
lenovo,33490,56,amd,ryzen 3,4,8,8,SSD,512,No secondary storage,0,amd,integrated,False,15.6,1920,1080,windows,1.0
lenovo,35890,56,amd,ryzen 5,6,12,8,SSD,512,No secondary storage,0,amd,integrated,False,15.6,1920,1080,windows,1.0
asus,79500,67,amd,ryzen 7,8,16,16,SSD,1024,No secondary storage,0,nvidia,dedicated,False,15.6,1920,1080,windows,1.0
fujitsu,56494,70,amd,ryzen 7,8,16,16,SSD,512,No secondary storage,0,amd,integrated,False,15.6,1920,1080,windows,2.0
hp,43190,58,amd,ryzen 5,6,12,8,SSD,512,No secondary storage,0,amd,integrated,False,15.6,1920,1080,windows,1.0
msi,43990,53,amd,ryzen 5,6,12,8,SSD,512,No secondary storage,0,amd,integrated,False,15.6,1920,1080,windows,1.0
dell,119600,68,intel,core i5,10,12,16,SSD,512,No secondary storage,0,intel,integrated,True,13.0,1920,1080,windows,1.0
acer,27990,52,amd,ryzen 3,4,8,8,SSD,256,No secondary storage,0,amd,integrated,False,15.6,1920,1080,windows,1.0
lenovo,36490,60,intel,core i3,2,4,8,SSD,512,No secondary storage,0,intel,integrated,False,15.6,1920,1080,windows,1.0
msi,48990,54,amd,ryzen 5,6,12,16,SSD,512,No secondary storage,0,amd,integrated,False,15.6,1920,1080,windows,1.0
lenovo,45990,66,intel,core i3,6,8,8,SSD,512,No secondary storage,0,intel,integrated,False,15.6,1920,1080,windows,1.0
lenovo,65999,55,intel,core i5,10,12,8,SSD,512,No secondary storage,0,intel,integrated,False,15.6,1920,1080,dos,1.0
dell,87990,72,intel,core i7,12,16,16,SSD,512,No secondary storage,0,nvidia,dedicated,False,16.0,1920,1080,windows,1.0
lenovo,33990,52,amd,ryzen 3,2,4,8,HDD,1024,No secondary storage,0,amd,integrated,False,14.0,1920,1080,dos,1.0
asus,50785,59,amd,ryzen 5,4,8,16,SSD,512,No secondary storage,0,amd,integrated,False,15.6,1920,1080,windows,1.0
hp,57990,59,intel,core i5,10,12,8,SSD,512,No secondary storage,0,intel,integrated,False,15.6,1366,768,windows,1.0
lenovo,146271,75,intel,core i7,12,16,16,SSD,1024,No secondary storage,0,nvidia,dedicated,False,16.0,1920,1200,windows,3.0
hp,32890,52,amd,ryzen 3,4,8,8,SSD,512,No secondary storage,0,amd,integrated,False,14.0,1366,768,windows,1.0
lenovo,43500,54,intel,core i3,2,4,8,SSD,512,No secondary storage,0,intel,integrated,False,14.0,1920,1080,dos,1.0
asus,61900,67,amd,ryzen 5,6,12,16,SSD,512,No secondary storage,0,amd,integrated,False,14.0,2880,1800,windows,1.0
hp,39551,43,other,other,8,0,8,SSD,256,No secondary storage,0,arm,integrated,True,13.3,1920,1080,chrome,1.0
hp,20990,37,intel,celeron,2,2,4,HDD,128,No secondary storage,0,intel,integrated,False,15.6,1366,768,chrome,1.0
lenovo,30990,50,intel,core i3,2,4,8,SSD,512,No secondary storage,0,intel,integrated,False,14.0,1920,1080,dos,1.0
hp,26999,59,amd,ryzen 3,2,4,8,SSD,512,No secondary storage,0,amd,integrated,False,15.6,1920,1080,windows,1.0
lenovo,32200,48,intel,core i3,6,8,8,SSD,512,No secondary storage,0,intel,integrated,False,15.6,1920,1080,dos,1.0
asus,249990,89,intel,core i9,14,20,32,SSD,1024,No secondary storage,0,nvidia,dedicated,False,16.0,2560,1600,windows,1.0
asus,44970,58,amd,ryzen 5,4,8,8,SSD,512,No secondary storage,0,amd,integrated,False,14.0,1920,1080,windows,1.0
asus,45690,59,amd,ryzen 5,4,8,16,SSD,512,No secondary storage,0,amd,integrated,False,14.0,1920,1080,windows,1.0
lenovo,59990,64,intel,core i5,10,12,16,SSD,1024,No secondary storage,0,intel,integrated,False,15.6,1920,1080,windows,1.0
msi,41990,60,amd,ryzen 5,6,12,8,SSD,512,No secondary storage,0,amd,integrated,False,14.0,1920,1080,windows,1.0
hp,30999,47,amd,ryzen 3,2,4,8,SSD,512,No secondary storage,0,amd,integrated,False,14.0,1366,768,dos,1.0
acer,76499,71,intel,core i5,12,16,16,SSD,512,No secondary storage,0,nvidia,dedicated,False,15.6,1920,1080,windows,1.0
msi,37990,58,intel,core i5,10,12,8,SSD,512,No secondary storage,0,intel,integrated,False,14.0,1920,1080,windows,1.0
msi,47490,59,intel,core i5,10,12,16,SSD,512,No secondary storage,0,intel,integrated,False,14.0,1920,1080,windows,1.0
msi,92990,72,intel,core i7,12,16,16,SSD,1024,No secondary storage,0,intel,integrated,False,13.3,1920,1200,windows,2.0
msi,82990,74,intel,core i5,8,12,16,SSD,1024,No secondary storage,0,nvidia,dedicated,False,15.6,1920,1080,windows,2.0
acer,29990,54,amd,ryzen 3,4,8,8,SSD,512,No secondary storage,0,amd,integrated,False,15.6,1920,1080,windows,1.0
asus,32190,53,amd,ryzen 3,4,8,8,SSD,512,No secondary storage,0,amd,integrated,False,14.0,1920,1080,windows,1.0
asus,68990,72,amd,ryzen 7,8,16,16,SSD,512,No secondary storage,0,nvidia,dedicated,False,15.6,1920,1080,windows,1.0
lg,118499,72,intel,core i7,12,16,16,SSD,512,No secondary storage,0,intel,integrated,True,16.0,2560,1600,windows,1.0
msi,87391,67,intel,core i7,14,20,16,SSD,1024,No secondary storage,0,intel,integrated,False,14.0,1920,1200,windows,2.0
acer,68999,71,amd,ryzen 5,6,12,8,SSD,512,No secondary storage,0,nvidia,dedicated,False,15.6,1920,1080,windows,1.0
msi,50591,59,intel,core i5,10,12,16,SSD,512,No secondary storage,0,intel,integrated,False,15.6,1920,1080,windows,1.0
msi,60990,61,intel,core i7,10,12,16,SSD,512,No secondary storage,0,intel,integrated,False,14.0,1920,1080,windows,1.0
asus,279990,83,intel,core i9,24,32,32,SSD,1024,No secondary storage,0,nvidia,dedicated,False,16.0,2560,1600,windows,1.0
msi,53990,58,intel,core i5,10,12,16,SSD,512,No secondary storage,0,intel,integrated,False,14.0,1920,1080,windows,1.0
msi,40990,56,intel,core i5,10,12,8,SSD,512,No secondary storage,0,intel,integrated,False,14.0,1920,1080,windows,1.0
hp,154999,73,intel,core i7,10,12,16,SSD,1024,No secondary storage,0,intel,integrated,True,13.5,3000,2000,windows,1.0
asus,54990,68,amd,ryzen 5,6,12,8,SSD,512,No secondary storage,0,amd,integrated,True,14.0,1920,1200,windows,1.0
msi,119990,76,intel,core i7,10,16,16,SSD,1024,No secondary storage,0,nvidia,dedicated,False,15.6,1920,1080,windows,2.0
asus,77990,68,amd,ryzen 5,6,12,16,SSD,1024,No secondary storage,0,amd,integrated,False,14.0,2880,1800,windows,1.0
asus,66990,65,amd,ryzen 5,6,12,16,SSD,1024,No secondary storage,0,amd,integrated,False,16.0,1920,1200,windows,1.0
asus,59990,64,amd,ryzen 5,6,12,16,SSD,512,No secondary storage,0,amd,integrated,False,16.0,1920,1200,windows,1.0
acer,75500,67,amd,ryzen 7,8,16,8,SSD,512,No secondary storage,0,nvidia,dedicated,False,15.6,1920,1080,windows,1.0
asus,65990,68,amd,ryzen 5,6,12,16,SSD,512,No secondary storage,0,nvidia,dedicated,False,15.6,1920,1080,windows,1.0
msi,91990,73,intel,core i7,10,16,16,SSD,512,No secondary storage,0,nvidia,dedicated,False,15.6,1920,1080,windows,2.0
asus,44990,59,amd,ryzen 5,4,8,8,SSD,512,No secondary storage,0,amd,integrated,False,15.6,1920,1080,windows,1.0
asus,67990,68,amd,ryzen 5,6,12,16,SSD,512,No secondary storage,0,amd,integrated,False,14.0,2560,1600,windows,1.0
hp,20990,37,intel,celeron,2,2,4,HDD,128,No secondary storage,0,intel,integrated,False,15.6,1366,768,chrome,1.0
